instance_file,n_items,capacity,dp_value,dp_weight,dp_feasible,dp_time_ms,gnn_value,gnn_weight,gnn_feasible,gnn_time_ms,gap_gnn,ratio_gnn,dp_selected_items,gnn_selected_items
instance_0000.npz,18,976.0,1172.0,943.0,1,0.5278,827.0,829.0,1,2.481299998180475,0.294369,0.705631,"[5, 8, 12]","[2, 5, 6, 7]"
instance_0001.npz,50,968.0,1222.0,966.0,1,1.3728,1145.0,945.0,1,3.6379999983182643,0.063011,0.936989,"[26, 46]","[0, 3, 21, 50, 70]"
instance_0002.npz,79,1107.0,1412.0,1103.0,1,2.995,1099.0,949.0,1,2.3755000001983717,0.221671,0.778329,"[30, 34, 38]","[1, 6, 7, 10, 16, 17, 22, 30, 34, 35, 37]"
instance_0003.npz,56,1162.0,1454.0,1159.0,1,2.1174,943.0,977.0,1,1.7388999985996634,0.351444,0.648556,"[8, 23, 32, 45]","[1, 3, 4, 11, 24, 25, 29]"
instance_0004.npz,69,1746.0,2243.0,1746.0,1,5.0654,798.0,891.0,1,1.6194999989238568,0.644226,0.355774,"[4, 43, 45, 59, 62, 63]","[0, 3]"
instance_0005.npz,97,2732.0,3487.0,2731.0,1,14.9497,2731.0,2284.0,1,3.1626999989384785,0.216805,0.783195,"[2, 42, 66, 67, 79, 80, 83]","[0, 7, 11, 16, 20, 22, 24, 25, 51, 52, 57, 61, 67, 71, 72, 79, 82]"
instance_0006.npz,67,2400.0,3069.0,2397.0,1,8.9793,4506.0,3546.0,1,3.2835999991220888,-0.468231,1.468231,"[6, 13, 21, 22, 33, 63]","[39, 41, 42, 43, 48, 53, 59, 65, 66, 68, 95]"
instance_0007.npz,94,3685.0,4680.0,3683.0,1,19.6677,4918.0,3863.0,1,2.7009999976144172,-0.050855,1.050855,"[5, 8, 14, 18, 52, 79, 92]","[5, 25, 27, 28, 34, 69, 81, 84]"
instance_0008.npz,86,3739.0,4795.0,3739.0,1,18.1161,2976.0,2536.0,1,2.3995000010472722,0.379353,0.620647,"[6, 10, 48, 70, 71, 72]","[3, 5, 7, 8, 11, 15, 19, 20, 23, 28, 37, 38, 44, 47, 51, 61, 62]"
instance_0009.npz,57,2618.0,3346.0,2618.0,1,7.5978,1949.0,1951.0,1,1.8610999977681786,0.417513,0.582487,"[6, 22, 27, 36, 40, 48, 50]","[0, 2, 5, 8, 15, 18, 22, 31, 32]"
instance_0010.npz,57,3279.0,4136.0,3278.0,1,11.4075,1795.0,1714.0,1,1.2163999999756925,0.566006,0.433994,"[12, 16, 21, 29, 37, 38, 54]","[5, 6, 10, 12, 17, 19, 31]"
instance_0011.npz,70,3896.0,4876.0,3895.0,1,17.8586,5297.0,4334.0,1,1.4066999974602368,-0.086341,1.086341,"[13, 15, 29, 30, 51, 56, 57]","[3, 4, 9, 10, 15, 22, 27, 28, 30, 37, 42, 47, 54, 60]"
instance_0012.npz,94,5201.0,6593.0,5201.0,1,46.7735,2249.0,2011.0,1,1.250500001333421,0.658881,0.341119,"[1, 5, 9, 16, 28, 30, 31, 51, 57, 71, 79, 80, 90]","[3, 7, 10, 13, 15, 19, 20, 21, 22, 23, 24, 27, 28]"
instance_0013.npz,66,4326.0,5537.0,4325.0,1,20.3171,5481.0,4464.0,1,2.2552000009454787,0.010114,0.989886,"[2, 21, 25, 30, 32, 38, 54, 58, 65]","[3, 9, 10, 16, 21, 30, 33, 35, 42, 48, 53]"
instance_0014.npz,33,2529.0,3179.0,2522.0,1,4.4969,2180.0,2256.0,1,2.108000000589527,0.31425,0.68575,"[4, 6, 13, 22, 27, 32]","[14, 21, 23, 25]"
instance_0015.npz,80,6144.0,7730.0,6144.0,1,30.4527,1142.0,1160.0,1,0.8908000017981976,0.852264,0.147736,"[17, 18, 21, 22, 24, 25, 38, 40, 41, 42, 47, 54, 56, 62, 68]","[0, 8, 16]"
instance_0016.npz,78,5968.0,7492.0,5966.0,1,43.7507,10425.0,8548.0,1,3.042000000277767,-0.391484,1.391484,"[7, 9, 12, 18, 21, 34, 40, 41, 43, 44, 48, 51, 55, 56, 70, 73, 77]","[3, 10, 15, 22, 34, 51, 60, 63, 65, 67, 74, 75, 77, 87, 88, 90]"
instance_0017.npz,30,2611.0,3267.0,2608.0,1,4.8783,3455.0,3365.0,1,2.0321000010881107,-0.057545,1.057545,"[6, 8, 15, 19, 22, 25]","[1, 7, 9, 10, 11, 12, 13, 21, 25, 26, 33, 36, 37]"
instance_0018.npz,68,6833.0,8602.0,6831.0,1,30.0553,9234.0,7906.0,1,3.1763000006321818,-0.073471,1.073471,"[13, 16, 23, 28, 34, 36, 39, 40, 46, 47, 50, 57, 58, 59, 60]","[0, 5, 6, 7, 9, 10, 12, 21, 23, 24, 28, 33, 34, 36, 39, 42, 50, 53, 64, 65, 70, 78, 81, 87, 89, 92, 97]"
instance_0019.npz,71,6345.0,8026.0,6345.0,1,30.6129,11128.0,8925.0,1,1.9280999986222014,-0.386494,1.386494,"[0, 14, 25, 26, 28, 31, 34, 35, 36, 39, 52, 58, 66, 69]","[4, 6, 12, 15, 18, 19, 25, 27, 38, 54, 55, 58, 60, 63, 66, 71, 75, 88, 89, 92]"
instance_0020.npz,51,4573.0,5571.0,4572.0,1,14.8749,4962.0,4396.0,1,1.2302000031922944,0.109316,0.890684,"[10, 12, 19, 20, 23, 25, 27, 28, 34, 37, 44, 49]","[0, 2, 3, 6, 8, 13, 14, 16, 17, 20, 22, 23, 25, 31, 34, 38, 40, 46]"
instance_0021.npz,99,10400.0,12825.0,10396.0,1,97.3972,8776.0,7360.0,1,1.6432999982498586,0.315712,0.684288,"[15, 16, 22, 23, 25, 26, 28, 30, 31, 35, 36, 38, 47, 49, 60, 62, 63, 64, 65, 69, 72, 78, 84, 85, 93, 95, 97]","[6, 8, 11, 13, 16, 17, 19, 25, 27, 29, 30, 33, 37, 39, 42, 48, 50, 54, 55, 57, 58, 60, 61, 62, 63]"
instance_0022.npz,91,10562.0,12896.0,10552.0,1,76.3911,2359.0,1997.0,1,1.8632000028446782,0.817075,0.182925,"[4, 7, 10, 11, 12, 16, 24, 25, 28, 38, 39, 47, 48, 55, 57, 63, 70, 73, 74, 84, 85, 89]","[2, 3, 5, 7, 9]"
instance_0023.npz,52,6145.0,7629.0,6141.0,1,20.2412,4382.0,4141.0,1,1.150600000983104,0.425613,0.574387,"[0, 6, 11, 15, 21, 23, 24, 29, 31, 39, 44, 49, 50]","[4, 5, 7, 13, 21, 24, 31]"
instance_0024.npz,73,9417.0,11676.0,9414.0,1,44.317,1433.0,1269.0,1,0.7449000004271511,0.87727,0.12273,"[2, 10, 15, 18, 21, 24, 25, 29, 33, 34, 37, 38, 46, 55, 57, 58, 59, 65]","[0, 2, 6]"
instance_0025.npz,63,7813.0,9673.0,7809.0,1,32.8936,3594.0,3528.0,1,1.8326999997952953,0.62845,0.37155,"[3, 5, 16, 17, 21, 24, 25, 29, 36, 37, 43, 44, 45, 46, 47, 49, 58]","[0, 1, 2, 4, 5, 6, 7, 11, 12, 13, 15, 17, 18, 22, 23, 30]"
instance_0026.npz,85,11719.0,14454.0,11718.0,1,67.2147,11129.0,9390.0,1,3.422999998292653,0.23004,0.76996,"[0, 1, 5, 10, 12, 13, 14, 16, 19, 22, 23, 26, 30, 37, 41, 46, 49, 61, 63, 65, 72, 74, 75, 76, 81]","[5, 6, 8, 10, 11, 14, 15, 17, 18, 35, 42, 45, 51, 53, 54, 59, 61, 66, 69]"
instance_0027.npz,41,5055.0,6253.0,5051.0,1,13.1185,12943.0,11025.0,1,1.6895000007934868,-1.069886,2.069886,"[2, 4, 6, 7, 8, 13, 14, 25, 26, 31, 33, 37, 38, 39]","[1, 6, 10, 12, 20, 21, 23, 28, 37, 39, 41, 42, 47, 51, 52, 59, 60, 64, 65, 69, 70, 72]"
instance_0028.npz,72,10339.0,12687.0,10338.0,1,51.3087,6307.0,5868.0,1,1.1672000000544358,0.502877,0.497123,"[5, 21, 24, 28, 31, 33, 38, 40, 43, 45, 47, 54, 56, 57, 60, 63, 66, 70]","[0, 2, 6, 12, 13, 14, 15, 18, 20, 22, 25, 26, 35, 38, 40]"
instance_0029.npz,81,11946.0,14444.0,11945.0,1,65.0103,10884.0,9188.0,1,1.332400002866052,0.246469,0.753531,"[1, 3, 14, 15, 22, 24, 25, 27, 29, 35, 36, 39, 40, 45, 51, 54, 58, 65, 66, 69, 72, 74, 77]","[2, 10, 11, 14, 16, 17, 18, 19, 20, 23, 28, 33, 36, 37, 38, 43, 45, 46, 48, 49, 50, 51, 53, 60]"
instance_0030.npz,27,3249.0,4039.0,3242.0,1,5.1745,8571.0,7587.0,1,1.3567000023613218,-1.12206,2.12206,"[0, 1, 4, 18, 19, 20, 22]","[0, 1, 3, 9, 12, 14, 18, 19, 22, 26, 28, 30, 31, 34, 40, 41, 45, 48, 52]"
instance_0031.npz,66,9821.0,12108.0,9821.0,1,41.5729,20849.0,17421.0,1,3.234399999200832,-0.721919,1.721919,"[3, 4, 6, 10, 12, 14, 15, 16, 26, 28, 29, 38, 41, 44, 48, 55, 61]","[0, 1, 6, 8, 9, 12, 13, 19, 21, 22, 25, 45, 50, 51, 53, 54, 55, 56, 58, 61, 65, 67, 74, 75, 76, 77, 83, 85, 86, 87, 92, 93, 94, 97]"
instance_0032.npz,92,14788.0,17685.0,14788.0,1,92.0088,2317.0,2145.0,1,0.8716000011190772,0.868985,0.131015,"[3, 4, 6, 11, 23, 24, 26, 27, 28, 29, 30, 31, 36, 41, 47, 51, 52, 56, 59, 60, 64, 66, 67, 69, 72, 74, 78, 79, 81, 83, 86]","[0, 1, 2, 4]"
instance_0033.npz,40,6480.0,7820.0,6469.0,1,19.3395,17635.0,14485.0,1,1.6837999974086415,-1.255115,2.255115,"[2, 9, 12, 13, 15, 20, 22, 24, 25, 30, 34, 35, 37, 38]","[0, 3, 5, 6, 7, 8, 12, 15, 18, 21, 22, 27, 28, 29, 32, 34, 37, 38, 42, 43, 44, 57, 58, 59, 60, 61, 62, 63, 64, 65, 69, 70, 71, 72, 75, 76, 77, 83, 87]"
instance_0034.npz,61,10262.0,12607.0,10259.0,1,39.0769,13933.0,12314.0,1,1.5574999997625127,-0.10518,1.10518,"[0, 1, 2, 4, 16, 18, 19, 21, 26, 27, 28, 29, 31, 33, 36, 37, 41, 48, 49, 50, 54, 57, 59]","[0, 2, 5, 6, 8, 9, 10, 12, 13, 14, 16, 19, 23, 24, 25, 28, 32, 33, 36, 37, 40, 43, 44, 47, 48, 51, 52, 53, 54, 56, 60, 63, 64, 65, 66, 68, 69]"
instance_0035.npz,89,17911.0,22089.0,17911.0,1,104.266,12081.0,10199.0,1,2.951599999505561,0.453076,0.546924,"[1, 6, 8, 13, 15, 16, 21, 23, 28, 30, 31, 34, 36, 42, 46, 47, 50, 51, 54, 56, 58, 61, 62, 63, 64, 70, 79]","[1, 3, 4, 7, 10, 13, 14, 19, 21, 22, 23, 24, 27, 28, 31, 34, 37, 43, 45, 49, 50, 56, 64, 65]"
instance_0036.npz,24,4686.0,5521.0,4679.0,1,6.8413,20007.0,16919.0,1,1.9563999994716141,-2.6238,3.6238,"[1, 3, 7, 10, 14, 15, 22, 23]","[1, 4, 5, 6, 7, 8, 10, 12, 16, 17, 20, 24, 26, 29, 31, 38, 41, 42, 47, 51, 52, 56, 57, 58, 61, 69, 72, 75, 77, 79, 81, 82, 83, 88, 89, 90]"
instance_0037.npz,58,10453.0,12827.0,10451.0,1,41.9527,8796.0,7846.0,1,1.2002000003121793,0.314259,0.685741,"[5, 11, 20, 21, 22, 23, 24, 25, 26, 28, 29, 33, 35, 36, 37, 40, 41, 42, 43, 46, 49, 53]","[7, 8, 9, 10, 11, 14, 16, 18, 19, 24, 25, 26, 27, 29, 31, 32, 33, 34, 36, 38, 39, 40]"
instance_0038.npz,65,12493.0,14694.0,12491.0,1,57.4932,15166.0,13260.0,1,1.694799997494556,-0.032122,1.032122,"[1, 2, 5, 6, 9, 16, 17, 22, 26, 27, 28, 29, 38, 39, 40, 41, 44, 48, 49, 51, 56, 58, 60, 62, 64]","[0, 1, 5, 10, 11, 12, 13, 17, 18, 21, 24, 26, 27, 29, 30, 31, 32, 35, 36, 39, 41, 42, 49, 52, 62, 63, 64, 69, 70, 71, 73, 74, 77, 78, 79, 81, 83, 84, 86, 88, 90]"
instance_0039.npz,97,18326.0,21470.0,18326.0,1,124.2491,20841.0,17790.0,1,3.8848000003781635,0.029297,0.970703,"[0, 1, 7, 8, 9, 11, 12, 13, 14, 15, 18, 22, 23, 24, 27, 29, 31, 32, 35, 36, 37, 43, 49, 51, 54, 57, 58, 59, 61, 62, 63, 68, 76, 78, 84, 85, 88, 94, 95, 96]","[0, 1, 2, 3, 5, 7, 8, 11, 12, 16, 20, 21, 24, 25, 29, 38, 39, 41, 44, 45, 47, 48, 51, 54, 55, 56, 62, 63, 65, 69, 71, 75, 76, 79, 80, 81, 82, 85]"
instance_0040.npz,57,9995.0,11919.0,9988.0,1,38.1527,15982.0,13763.0,1,1.757599999109516,-0.340884,1.340884,"[3, 4, 5, 7, 12, 17, 19, 21, 23, 30, 31, 34, 35, 37, 39, 40, 41, 43, 45, 47, 48, 51, 56]","[1, 2, 7, 10, 11, 14, 24, 26, 27, 30, 32, 33, 39, 41, 43, 45, 47, 50, 57]"
instance_0041.npz,75,14776.0,17612.0,14771.0,1,76.6807,21690.0,18541.0,1,1.7072000009648036,-0.231547,1.231547,"[1, 2, 5, 6, 7, 9, 12, 13, 14, 15, 16, 22, 24, 32, 41, 47, 49, 55, 56, 57, 59, 60, 61, 62, 63, 64, 65, 67, 69, 70]","[4, 5, 6, 8, 10, 11, 12, 13, 14, 16, 17, 20, 22, 27, 35, 36, 37, 38, 39, 40, 41, 44, 48, 50, 51, 52, 54, 57, 58, 63, 66, 68, 69, 70, 71, 73, 75, 76, 78, 81, 82, 83, 86]"
instance_0042.npz,79,15809.0,19178.0,15804.0,1,87.4115,8451.0,7728.0,1,2.0048000005772337,0.559339,0.440661,"[0, 2, 3, 7, 9, 10, 11, 13, 14, 16, 19, 24, 30, 31, 33, 34, 37, 38, 39, 40, 42, 43, 47, 49, 52, 54, 56, 58, 64, 67, 69, 71, 72, 78]","[0, 1, 4, 7, 9, 10, 15, 17, 23, 27, 32, 35, 39]"
instance_0043.npz,33,7627.0,9354.0,7627.0,1,17.1458,16576.0,14237.0,1,3.37289999879431,-0.772076,1.772076,"[2, 3, 5, 8, 12, 13, 19, 20, 21, 23, 26, 28, 29, 30]","[1, 3, 5, 6, 9, 14, 15, 16, 19, 22, 26, 28, 29, 32, 33, 37, 40, 41, 44, 45, 52, 53, 54, 56, 60, 61, 62, 63, 65, 66, 67, 70, 71]"
instance_0044.npz,60,13839.0,16094.0,13837.0,1,55.266,20249.0,17014.0,1,1.6362999995180871,-0.258171,1.258171,"[0, 2, 4, 8, 10, 11, 12, 16, 17, 19, 23, 26, 30, 33, 35, 42, 43, 45, 46, 47, 53, 54, 59]","[0, 2, 6, 9, 12, 13, 15, 16, 17, 25, 26, 32, 34, 36, 38, 40, 44, 45, 48, 50, 52, 55, 57, 58, 60, 61, 65, 67, 69, 71]"
instance_0045.npz,76,18313.0,21542.0,18313.0,1,97.5907,23699.0,20365.0,1,1.6792999995232094,-0.10013,1.10013,"[0, 2, 3, 4, 9, 10, 11, 14, 18, 20, 22, 24, 30, 34, 35, 36, 37, 38, 39, 42, 44, 45, 48, 49, 54, 58, 60, 63, 65, 67, 68, 69, 71, 72, 75]","[1, 2, 3, 7, 8, 9, 10, 11, 14, 15, 21, 23, 30, 31, 33, 34, 36, 38, 40, 41, 42, 45, 48, 50, 51, 55, 56, 63, 68, 69, 71, 76, 77, 80, 83]"
instance_0046.npz,20,4648.0,5613.0,4643.0,1,6.0433,21761.0,17884.0,1,1.5969000014592893,-2.876893,3.876893,"[2, 6, 8, 9, 10, 11, 13, 15]","[0, 1, 4, 5, 7, 11, 12, 13, 14, 15, 16, 21, 23, 25, 27, 30, 31, 32, 33, 34, 37, 42, 43, 46, 50, 51, 54, 57, 58, 60, 61, 63, 70, 73, 74, 75]"
instance_0047.npz,46,11163.0,12916.0,11148.0,1,36.5664,6148.0,6498.0,1,1.0575000014796387,0.524001,0.475999,"[0, 1, 3, 4, 5, 7, 8, 9, 13, 16, 19, 24, 27, 28, 31, 32, 33, 36, 37, 38, 40, 42, 43, 44]","[0, 1, 3, 4, 6, 7, 8, 11, 14, 15, 17, 19, 23, 24, 25, 26, 27]"
instance_0048.npz,59,14280.0,16464.0,14279.0,1,60.0572,12366.0,11670.0,1,1.734299999952782,0.248907,0.751093,"[1, 3, 4, 5, 6, 7, 13, 15, 16, 18, 19, 23, 24, 26, 27, 29, 32, 34, 37, 40, 41, 42, 45, 48, 53, 54, 57]","[1, 2, 8, 9, 15, 17, 19, 20, 22, 24, 25, 30, 33, 34, 36, 44, 47]"
instance_0049.npz,87,22429.0,25581.0,22426.0,1,135.1272,8034.0,7517.0,1,1.1479999993753154,0.685939,0.314061,"[0, 1, 2, 6, 7, 8, 10, 11, 12, 13, 14, 15, 16, 20, 21, 22, 23, 25, 26, 31, 32, 33, 35, 36, 38, 43, 50, 52, 54, 55, 58, 60, 63, 64, 66, 67, 71, 72, 75, 76, 78, 80, 84, 85]","[2, 5, 6, 7, 10, 12, 17, 18, 24, 25, 28, 29, 30, 31, 34]"
instance_0050.npz,27,7075.0,8328.0,7071.0,1,12.5135,11188.0,10302.0,1,1.4632000020355918,-0.34342,1.34342,"[0, 1, 5, 6, 7, 8, 10, 15, 17, 18, 19, 20, 21, 25]","[2, 4, 5, 6, 7, 9, 13, 15, 16, 17, 19, 20, 21, 23, 25, 26, 28, 30, 32, 33, 34, 35, 37, 41, 42, 45]"
instance_0051.npz,56,15731.0,17723.0,15719.0,1,70.2297,18722.0,16992.0,1,1.585400001204107,-0.056367,1.056367,"[0, 3, 5, 6, 9, 13, 16, 17, 20, 21, 22, 23, 25, 26, 27, 29, 32, 33, 35, 38, 39, 41, 44, 45, 46, 48, 49, 52, 53, 54, 55]","[2, 4, 7, 8, 11, 12, 13, 14, 15, 19, 20, 23, 27, 29, 30, 31, 32, 33, 34, 35, 37, 38, 39, 41, 43, 44, 45, 46, 47, 48, 49, 51, 52, 53, 55, 57, 59, 66, 67, 69, 72]"
instance_0052.npz,84,22313.0,25316.0,22311.0,1,157.1374,25651.0,22174.0,1,1.7048000008799136,-0.013233,1.013233,"[0, 2, 4, 6, 12, 13, 14, 17, 20, 21, 22, 24, 27, 29, 32, 34, 36, 39, 42, 43, 44, 46, 47, 48, 51, 52, 53, 56, 57, 59, 60, 61, 63, 64, 65, 67, 68, 70, 71, 72, 74, 76, 77, 81, 82, 83]","[0, 1, 5, 9, 10, 13, 17, 18, 21, 22, 24, 27, 29, 30, 33, 35, 36, 38, 43, 45, 47, 50, 52, 54, 57, 58, 60, 61, 63, 65, 66, 67, 70, 72, 73, 78, 79, 80, 81, 82, 84, 85, 88, 90, 91]"
instance_0053.npz,48,11191.0,12720.0,11190.0,1,38.1879,19575.0,17325.0,1,2.8659000017796643,-0.538915,1.538915,"[0, 1, 4, 5, 6, 7, 10, 11, 12, 18, 19, 20, 21, 23, 25, 27, 28, 29, 31, 33, 34, 35, 38, 43, 47]","[0, 2, 3, 4, 5, 15, 17, 18, 20, 21, 27, 28, 30, 32, 33, 34, 35, 38, 40, 42, 44, 45, 47, 51, 54, 56, 60, 61, 62, 66]"
instance_0054.npz,24,5704.0,6283.0,5696.0,1,9.4455,15467.0,13799.0,1,2.6431000005686656,-1.461722,2.461722,"[0, 2, 3, 4, 9, 10, 11, 13, 14, 17, 21, 23]","[1, 4, 5, 6, 7, 8, 11, 14, 15, 16, 18, 22, 24, 28, 31, 34, 35, 38, 43, 44, 47, 50, 51, 53]"
instance_0055.npz,19,4487.0,5447.0,4483.0,1,5.4631,2874.0,2656.0,1,1.419300002453383,0.47237,0.52763,"[0, 1, 8, 12, 13, 15, 16, 17, 18]","[0, 1, 2, 3, 4, 5, 7, 10]"
instance_0056.npz,78,24811.0,28944.0,24808.0,1,150.2274,15795.0,14450.0,1,2.4818999991111923,0.454291,0.545709,"[0, 1, 2, 4, 5, 8, 9, 13, 14, 17, 18, 22, 23, 24, 25, 29, 30, 33, 34, 35, 37, 38, 39, 40, 41, 42, 43, 44, 46, 47, 50, 51, 52, 53, 54, 55, 58, 60, 61, 62, 64, 66, 68, 69, 72, 75, 76, 77]","[0, 1, 3, 4, 5, 6, 7, 9, 13, 14, 15, 16, 18, 20, 21, 23, 24, 25, 29, 30, 32, 33, 35, 38, 39, 45, 47]"
instance_0057.npz,49,12398.0,14308.0,12394.0,1,44.8214,28176.0,24727.0,1,3.129700002318714,-0.969248,1.969248,"[1, 4, 5, 6, 8, 9, 10, 11, 12, 13, 14, 16, 17, 18, 20, 22, 25, 26, 27, 28, 30, 31, 32, 33, 35, 36, 38, 41, 44, 47]","[0, 1, 2, 3, 4, 8, 9, 11, 13, 17, 18, 20, 23, 24, 25, 27, 28, 29, 30, 31, 32, 33, 35, 36, 37, 38, 40, 43, 44, 47, 58, 59, 60, 61, 62, 63, 66, 67, 68, 69, 70, 72, 74, 75, 77, 78, 81, 82, 83, 84]"
instance_0058.npz,39,11038.0,11892.0,11024.0,1,31.4135,21463.0,18809.0,1,2.567899999121437,-0.804827,1.804827,"[0, 1, 3, 4, 5, 6, 8, 9, 10, 11, 16, 18, 19, 20, 22, 23, 24, 26, 27, 28, 30, 32, 34, 35, 38]","[0, 3, 5, 7, 8, 9, 11, 13, 14, 15, 21, 22, 24, 25, 26, 28, 29, 35, 36, 38, 40, 41, 43, 44, 45, 46, 51, 53, 54, 55, 57, 62, 64]"
instance_0059.npz,14,4727.0,5496.0,4687.0,1,4.5632,20141.0,16794.0,1,2.6246000015817117,-2.664665,3.664665,"[2, 3, 8, 10, 11, 12]","[0, 1, 2, 3, 4, 6, 7, 10, 12, 13, 15, 16, 21, 22, 23, 25, 26, 27, 30, 32, 33, 37, 38, 40, 43, 51]"
instance_0060.npz,86,26350.0,29803.0,26349.0,1,176.1387,38851.0,33687.0,1,4.036700000142446,-0.303594,1.303594,"[0, 1, 2, 3, 5, 6, 7, 9, 10, 11, 13, 14, 15, 16, 18, 20, 22, 24, 25, 28, 29, 31, 33, 34, 36, 37, 38, 46, 48, 50, 51, 52, 53, 55, 57, 59, 61, 62, 63, 67, 68, 70, 71, 73, 76, 78, 79, 80, 81, 82, 84, 85]","[0, 1, 2, 5, 6, 8, 9, 10, 12, 18, 19, 20, 21, 22, 23, 24, 25, 27, 28, 29, 32, 33, 35, 36, 38, 39, 40, 41, 42, 45, 46, 47, 48, 49, 50, 51, 53, 55, 56, 58, 59, 61, 62, 63, 65, 66, 67, 69, 70, 71, 73, 74, 76, 78, 79, 80, 81, 83, 84, 86, 87, 88, 89, 90, 91, 92, 94, 95]"
instance_0061.npz,66,21034.0,24812.0,21030.0,1,105.0921,11041.0,10068.0,1,2.0683000002463814,0.555014,0.444986,"[0, 1, 2, 3, 4, 7, 8, 11, 14, 15, 16, 17, 19, 22, 23, 24, 26, 27, 28, 29, 31, 32, 33, 34, 35, 38, 40, 43, 44, 46, 48, 52, 53, 54, 55, 58, 60, 61, 62, 64]","[0, 1, 2, 3, 4, 5, 6, 9, 10, 11, 14, 16, 17, 18, 19, 22, 24, 25, 26, 27]"
instance_0062.npz,15,5293.0,6298.0,5286.0,1,5.6853,7721.0,7757.0,1,1.8576999973447528,-0.225945,1.225945,"[0, 1, 2, 3, 4, 5, 6, 7, 11, 14]","[0, 1, 2, 3, 5, 7, 10, 12, 13, 14, 15, 16, 17, 18, 23]"
instance_0063.npz,52,17794.0,19407.0,17778.0,1,64.7669,13041.0,13085.0,1,2.5301999994553626,0.328026,0.671974,"[0, 2, 4, 5, 6, 7, 8, 9, 10, 12, 13, 14, 16, 17, 19, 20, 21, 22, 25, 26, 27, 29, 31, 32, 33, 34, 36, 38, 39, 40, 41, 42, 43, 46, 51]","[1, 2, 3, 4, 5, 6, 7, 10, 11, 12, 13, 14, 16, 17, 18, 20, 22, 24, 25, 26, 27, 28, 29, 30, 31, 32, 33, 35]"
instance_0064.npz,59,18653.0,20699.0,18653.0,1,80.168,18463.0,16741.0,1,2.7738999997382052,0.108025,0.891975,"[0, 1, 3, 4, 6, 7, 9, 10, 11, 12, 14, 16, 17, 18, 20, 21, 22, 24, 26, 29, 31, 32, 33, 34, 35, 37, 41, 42, 43, 44, 45, 46, 48, 49, 50, 52, 53, 56, 58]","[1, 2, 5, 7, 8, 9, 10, 11, 12, 13, 14, 15, 16, 17, 18, 19, 21, 22, 23, 24, 26, 29, 31, 33, 34, 35, 38, 40, 41, 42, 43, 48, 49, 50, 51, 52]"
instance_0065.npz,30,9498.0,10990.0,9497.0,1,21.7002,34849.0,32137.0,1,3.39209999947343,-2.170974,3.170974,"[0, 1, 7, 8, 10, 11, 12, 13, 15, 16, 17, 18, 21, 24, 25, 26, 28, 29]","[1, 2, 3, 4, 9, 10, 11, 13, 14, 15, 17, 19, 20, 22, 23, 24, 25, 26, 28, 29, 31, 34, 35, 36, 37, 38, 39, 40, 41, 42, 43, 45, 46, 47, 48, 49, 51, 52, 54, 55, 57, 58, 59, 61, 62, 63, 65, 66, 67, 68, 69, 70, 71, 72, 75, 76, 77, 78, 79, 80, 82, 83, 85, 86, 87, 88, 89, 93, 94]"
instance_0066.npz,55,19059.0,20531.0,19055.0,1,78.4142,14355.0,13774.0,1,2.6276999997207895,0.300813,0.699187,"[0, 1, 3, 4, 5, 6, 7, 9, 10, 11, 12, 13, 18, 19, 20, 21, 22, 23, 24, 25, 26, 27, 29, 31, 35, 36, 37, 38, 40, 43, 45, 46, 47, 49, 50, 53, 54]","[0, 2, 3, 6, 7, 9, 10, 11, 12, 13, 16, 19, 20, 22, 23, 25, 26, 27, 31, 32, 37, 39, 41]"
instance_0067.npz,30,9307.0,9883.0,9305.0,1,20.5437,27340.0,25475.0,1,1.819099998101592,-1.766366,2.766366,"[0, 2, 3, 4, 5, 6, 7, 9, 12, 13, 14, 19, 21, 22, 23, 24, 25, 27]","[0, 1, 2, 4, 5, 7, 8, 9, 10, 11, 12, 13, 15, 16, 17, 18, 20, 22, 23, 24, 25, 27, 30, 31, 33, 34, 36, 38, 39, 40, 43, 44, 46, 47, 48, 50, 52, 53, 55, 56, 57, 58, 60, 61, 62, 63, 64, 65, 66, 67, 69, 71, 73, 74, 75, 76, 77]"
instance_0068.npz,24,9385.0,10455.0,9381.0,1,16.5278,13717.0,12493.0,1,1.0118999998667277,-0.312004,1.312004,"[2, 7, 8, 9, 11, 12, 13, 14, 15, 16, 17, 18, 20, 21, 22, 23]","[0, 1, 4, 6, 7, 8, 9, 10, 12, 13, 14, 15, 16, 20, 21, 23, 27, 28, 29, 30]"
instance_0069.npz,75,24877.0,27896.0,24877.0,1,148.9113,14602.0,14696.0,1,2.3041999993438367,0.476556,0.523444,"[2, 3, 5, 6, 10, 12, 13, 14, 15, 16, 17, 18, 22, 23, 24, 25, 26, 29, 32, 33, 34, 35, 36, 38, 40, 41, 42, 44, 46, 49, 50, 51, 53, 56, 58, 61, 63, 64, 66, 68, 70, 71, 72, 73, 74]","[1, 2, 3, 4, 6, 8, 9, 10, 12, 14, 15, 16, 17, 18, 20, 22, 23, 24, 25, 26, 28, 29, 30, 31, 32, 34, 35, 36, 37, 38, 39, 41]"
instance_0070.npz,64,25114.0,28604.0,25110.0,1,121.3758,22026.0,21820.0,1,2.9926000024715904,0.229968,0.770032,"[0, 1, 3, 5, 6, 9, 10, 11, 12, 13, 18, 19, 20, 21, 22, 24, 25, 26, 27, 28, 29, 30, 31, 32, 33, 34, 36, 37, 38, 40, 41, 43, 45, 47, 48, 49, 51, 52, 56, 58, 59, 60, 61, 62]","[0, 1, 3, 4, 6, 8, 9, 10, 11, 13, 16, 17, 19, 23, 24, 25, 26, 27, 28, 29, 30, 31, 32, 33, 35, 36, 37, 39, 40, 43, 45, 46, 47, 48, 49, 50, 51, 52, 53, 55, 56, 57, 58, 59, 60, 61, 62, 63]"
instance_0071.npz,27,8604.0,9513.0,8575.0,1,16.0451,8196.0,8217.0,1,1.7254000013053883,0.138442,0.861558,"[0, 2, 4, 6, 7, 9, 10, 12, 13, 14, 15, 16, 17, 19, 20, 21, 22, 23, 24, 25]","[0, 2, 3, 4, 5, 6, 7, 8, 9, 10, 12, 13, 16, 17, 18, 19, 20]"
instance_0072.npz,35,13851.0,15769.0,13847.0,1,33.3253,13643.0,13296.0,1,1.925100001244573,0.134821,0.865179,"[2, 4, 5, 8, 10, 11, 13, 14, 15, 17, 18, 20, 21, 22, 23, 24, 25, 26, 27, 28, 29, 32, 33]","[0, 1, 2, 3, 5, 6, 7, 8, 9, 14, 16, 17, 19, 20, 25, 26, 27, 30, 31, 32]"
instance_0073.npz,48,17332.0,19233.0,17331.0,1,57.8553,11563.0,11077.0,1,0.9878999990178272,0.398794,0.601206,"[0, 2, 4, 5, 6, 9, 11, 12, 13, 15, 16, 17, 18, 20, 21, 22, 24, 26, 27, 28, 30, 32, 33, 34, 35, 36, 38, 39, 40, 41, 43, 44, 45, 46, 47]","[0, 1, 2, 3, 4, 5, 7, 10, 12, 15, 16, 17, 18, 19, 20, 21, 22, 25, 26, 27]"
instance_0074.npz,89,35731.0,39708.0,35730.0,1,252.9694,12890.0,11914.0,1,1.1680999996315222,0.67538,0.32462,"[2, 5, 7, 9, 10, 13, 14, 15, 17, 19, 20, 22, 23, 24, 26, 28, 29, 30, 32, 33, 35, 36, 37, 40, 41, 42, 44, 46, 47, 51, 52, 53, 54, 55, 56, 57, 58, 59, 60, 61, 62, 63, 64, 66, 67, 68, 70, 72, 73, 74, 75, 76, 77, 79, 80, 82, 83, 84, 85, 86, 88]","[1, 3, 4, 6, 8, 9, 11, 12, 13, 15, 16, 18, 20, 21, 22, 26, 27, 28, 30, 31]"
instance_0075.npz,32,12339.0,13702.0,12325.0,1,33.9223,9864.0,9163.0,1,1.1198000029253308,0.280105,0.719895,"[0, 2, 3, 5, 6, 9, 10, 11, 12, 13, 14, 15, 16, 17, 19, 20, 22, 26, 27, 28, 29, 30, 31]","[1, 2, 3, 4, 5, 6, 8, 9, 10, 11, 12, 13, 15, 18]"
instance_0076.npz,52,17525.0,19543.0,17524.0,1,67.0999,30867.0,28766.0,1,2.147700000932673,-0.57944,1.57944,"[0, 1, 2, 3, 5, 6, 7, 8, 9, 10, 11, 12, 13, 14, 15, 16, 18, 19, 21, 23, 24, 25, 26, 27, 28, 29, 31, 32, 33, 34, 35, 37, 39, 40, 41, 42, 43, 44, 45, 46, 47, 48]","[1, 4, 7, 8, 10, 11, 12, 14, 16, 17, 19, 20, 22, 26, 27, 30, 31, 32, 33, 34, 36, 38, 39, 41, 42, 43, 44, 45, 46, 47, 48, 49, 50, 53, 55, 56, 57, 58, 61, 62, 63, 68, 71, 72, 73]"
instance_0077.npz,14,4215.0,4844.0,4186.0,1,3.9075,9952.0,9410.0,1,1.8779000020003878,-1.0545,2.0545,"[0, 1, 2, 4, 5, 7, 8, 9, 10, 11, 12, 13]","[0, 1, 2, 3, 4, 5, 6, 7, 8, 9, 10, 12, 13, 15, 16, 17, 18, 19, 20, 21, 23]"
instance_0078.npz,34,13588.0,14725.0,13588.0,1,34.4958,12516.0,11856.0,1,1.8100000015692785,0.150017,0.849983,"[0, 1, 3, 6, 9, 11, 12, 13, 14, 16, 17, 18, 19, 20, 21, 22, 23, 25, 26, 29, 30, 31, 32, 33]","[0, 1, 5, 6, 7, 8, 9, 10, 11, 13, 14, 15, 16, 17, 19, 20, 21, 23, 25, 26]"
instance_0079.npz,43,18121.0,20911.0,18115.0,1,56.8805,33771.0,30674.0,1,3.325800000311574,-0.614987,1.614987,"[0, 2, 3, 4, 5, 6, 7, 8, 9, 11, 12, 13, 15, 18, 19, 21, 23, 24, 25, 26, 27, 28, 29, 32, 33, 34, 35, 36, 37, 38, 39, 40, 41, 42]","[0, 1, 2, 4, 5, 7, 9, 10, 11, 12, 13, 18, 19, 21, 22, 23, 24, 25, 26, 27, 28, 29, 30, 31, 32, 33, 35, 36, 37, 38, 39, 41, 42, 43, 44, 45, 46, 47, 48, 49, 50, 52, 53, 54, 55, 56, 57, 58, 59, 60, 62, 63, 64, 65, 66, 67, 68, 69, 70, 71, 72, 73, 74, 76, 77]"
instance_0080.npz,83,34581.0,37846.0,34568.0,1,210.8638,28425.0,26976.0,1,2.754499997536186,0.24893,0.75107,"[0, 1, 2, 3, 4, 5, 6, 7, 8, 9, 10, 11, 12, 13, 16, 18, 20, 21, 22, 23, 26, 27, 28, 29, 30, 32, 33, 34, 35, 36, 38, 39, 41, 42, 44, 45, 46, 47, 50, 51, 52, 53, 54, 55, 56, 57, 58, 59, 60, 62, 63, 65, 66, 69, 71, 72, 73, 74, 75, 76, 77, 78, 79, 80, 81, 82]","[0, 1, 3, 5, 6, 8, 9, 10, 11, 12, 13, 14, 16, 18, 19, 20, 21, 22, 23, 24, 25, 26, 27, 28, 30, 32, 33, 34, 35, 36, 37, 38, 39, 40, 41, 44, 45, 47, 48, 49, 50, 51, 52, 53, 55, 56, 57, 58, 59, 60, 61, 62, 63, 64]"
instance_0081.npz,92,39869.0,44294.0,39867.0,1,271.3831,37001.0,35164.0,1,3.2817000028444454,0.16465,0.83535,"[0, 1, 3, 4, 5, 6, 7, 8, 9, 11, 12, 13, 16, 18, 19, 20, 22, 23, 24, 25, 26, 27, 28, 29, 30, 31, 32, 33, 34, 35, 38, 39, 40, 41, 42, 43, 44, 46, 48, 49, 50, 51, 52, 55, 56, 57, 58, 60, 61, 63, 65, 67, 68, 69, 70, 71, 72, 73, 75, 76, 77, 78, 79, 81, 82, 83, 84, 87, 88, 89, 90]","[0, 2, 4, 5, 6, 7, 8, 9, 10, 11, 12, 13, 15, 16, 17, 18, 19, 20, 21, 22, 23, 24, 25, 26, 27, 29, 30, 32, 33, 34, 35, 36, 37, 38, 39, 40, 41, 42, 43, 44, 46, 47, 48, 49, 50, 51, 52, 53, 56, 58, 61, 63, 64, 65, 66, 67, 68, 69, 70, 71, 73, 74, 75, 76, 77, 78, 79, 80, 81, 82, 83, 84, 85, 86, 87, 88, 89]"
instance_0082.npz,59,25711.0,29079.0,25707.0,1,123.4926,15876.0,14386.0,1,1.9442999982857145,0.454039,0.545961,"[0, 1, 2, 4, 5, 6, 7, 8, 9, 10, 12, 13, 14, 16, 17, 18, 20, 22, 23, 24, 25, 26, 27, 29, 30, 31, 32, 33, 34, 35, 36, 38, 40, 41, 42, 44, 45, 46, 47, 48, 50, 51, 52, 54, 55, 56, 57, 58]","[0, 1, 3, 6, 7, 8, 9, 10, 11, 12, 15, 16, 18, 19, 20, 21, 23, 24, 25, 27, 28, 29, 30]"
instance_0083.npz,94,35600.0,38751.0,35598.0,1,310.6365,41611.0,38109.0,1,3.403399998205714,-0.073805,1.073805,"[1, 2, 3, 4, 5, 7, 8, 9, 10, 11, 12, 13, 16, 17, 18, 19, 20, 21, 22, 23, 26, 27, 28, 30, 31, 34, 35, 38, 39, 41, 42, 43, 44, 45, 46, 47, 48, 49, 50, 51, 52, 53, 55, 56, 57, 58, 59, 60, 62, 63, 64, 65, 66, 67, 69, 70, 71, 72, 73, 74, 75, 77, 78, 79, 80, 81, 84, 86, 87, 88, 89, 90, 91, 92]","[0, 1, 2, 3, 4, 5, 6, 7, 8, 9, 10, 13, 14, 15, 16, 17, 18, 19, 20, 21, 22, 24, 25, 26, 27, 29, 30, 31, 32, 33, 34, 35, 36, 37, 38, 39, 40, 42, 43, 45, 46, 47, 48, 49, 51, 52, 54, 56, 57, 58, 59, 60, 61, 62, 63, 64, 65, 66, 68, 69, 71, 72, 73, 74, 75, 76, 77, 79, 80, 81, 82, 83, 84, 85, 87]"
instance_0084.npz,13,5763.0,6526.0,5714.0,1,5.2742,25358.0,24906.0,1,2.5995999967562966,-2.885688,3.885688,"[0, 1, 2, 3, 4, 5, 7, 8, 9, 11, 12]","[1, 2, 3, 4, 5, 6, 8, 9, 10, 11, 12, 13, 14, 17, 18, 19, 21, 23, 24, 26, 27, 28, 29, 30, 31, 32, 33, 34, 35, 37, 38, 39, 41, 42, 45, 46, 50, 52, 53, 54, 55, 56, 57, 59, 60, 61]"
instance_0085.npz,38,14564.0,16030.0,14563.0,1,39.9998,15434.0,14896.0,1,2.1009000010963064,0.03718,0.96282,"[0, 1, 4, 6, 7, 8, 9, 10, 11, 12, 13, 14, 16, 17, 18, 19, 20, 21, 22, 23, 24, 25, 26, 27, 29, 30, 31, 32, 33, 37]","[0, 1, 2, 3, 4, 5, 6, 7, 8, 9, 11, 12, 13, 15, 16, 18, 19, 20, 21, 22, 23, 26, 27, 28, 31, 32, 33]"
instance_0086.npz,13,5443.0,5615.0,5439.0,1,4.7736,25546.0,23684.0,1,2.799800000502728,-3.549599,4.549599,"[0, 1, 2, 3, 5, 6, 7, 8, 10, 11, 12]","[0, 4, 5, 6, 7, 8, 9, 10, 11, 12, 13, 14, 15, 17, 18, 19, 21, 22, 23, 25, 26, 27, 28, 29, 30, 31, 32, 34, 35, 36, 37, 38, 39, 40, 41, 42, 44, 46, 47, 49, 50, 51, 52, 53, 54, 56, 57, 58, 59, 60, 62, 63]"
instance_0087.npz,29,12405.0,13403.0,12396.0,1,26.3025,12952.0,12939.0,1,1.1515000005601905,0.033649,0.966351,"[0, 1, 2, 3, 4, 5, 6, 7, 8, 9, 10, 11, 12, 13, 14, 16, 18, 19, 22, 23, 24, 25, 26, 28]","[1, 2, 3, 4, 5, 6, 7, 8, 9, 10, 11, 12, 13, 15, 16, 17, 18, 19, 21, 22, 23, 24, 25, 27]"
instance_0088.npz,12,5931.0,6770.0,5928.0,1,5.0364,2541.0,2492.0,1,0.7463999972969759,0.624668,0.375332,"[0, 1, 2, 3, 4, 8, 9, 10, 11]","[0, 1, 2, 3, 4, 5, 6, 7, 9]"
instance_0089.npz,84,37977.0,40743.0,37976.0,1,235.8603,40276.0,37559.0,1,1.8227000000479165,0.011462,0.988538,"[1, 2, 3, 4, 5, 7, 8, 9, 10, 11, 12, 13, 14, 15, 16, 18, 19, 20, 21, 22, 23, 24, 25, 26, 27, 28, 29, 30, 31, 32, 33, 34, 35, 36, 38, 39, 40, 41, 42, 44, 45, 46, 47, 48, 49, 50, 52, 54, 55, 56, 57, 58, 59, 60, 62, 63, 64, 65, 66, 67, 69, 70, 71, 72, 73, 74, 76, 77, 78, 80, 81, 82, 83]","[0, 1, 3, 4, 5, 6, 7, 8, 9, 10, 11, 12, 13, 14, 16, 17, 18, 19, 20, 21, 22, 23, 24, 25, 26, 27, 28, 29, 30, 31, 32, 33, 34, 35, 36, 37, 38, 39, 40, 41, 42, 43, 44, 45, 46, 47, 48, 49, 50, 51, 52, 53, 54, 55, 57, 58, 59, 63, 64, 65, 66, 67, 68, 70, 71, 72, 73, 74, 75, 76, 77, 78, 79, 81, 82, 83, 84, 85]"
instance_0090.npz,87,38838.0,41668.0,38838.0,1,251.1215,30606.0,28684.0,1,1.9404000013309997,0.26548,0.73452,"[0, 1, 2, 3, 4, 5, 6, 7, 8, 9, 10, 11, 12, 13, 15, 16, 18, 19, 20, 21, 22, 23, 24, 25, 26, 27, 28, 29, 30, 31, 32, 33, 36, 37, 38, 39, 40, 41, 42, 43, 44, 45, 46, 47, 48, 49, 50, 51, 53, 54, 55, 56, 58, 59, 60, 61, 62, 63, 64, 65, 66, 68, 70, 71, 72, 73, 74, 75, 76, 77, 78, 79, 80, 81, 83, 84, 85]","[2, 3, 4, 5, 6, 8, 9, 12, 13, 14, 15, 16, 17, 18, 20, 21, 22, 23, 24, 25, 26, 27, 28, 29, 32, 33, 34, 35, 36, 37, 38, 39, 40, 41, 42, 43, 44, 45, 46, 47, 48, 49, 50, 51, 53, 54, 55, 56, 58, 59, 60, 61, 62]"
instance_0091.npz,73,31757.0,34588.0,31754.0,1,166.1705,7699.0,7069.0,1,1.1415000008128118,0.777408,0.222592,"[0, 1, 2, 3, 4, 5, 6, 7, 8, 9, 10, 11, 13, 14, 15, 16, 17, 19, 20, 21, 22, 23, 24, 25, 26, 28, 30, 31, 32, 34, 35, 36, 37, 38, 39, 40, 41, 42, 43, 44, 45, 46, 47, 48, 49, 50, 51, 52, 53, 55, 56, 57, 58, 60, 62, 63, 64, 65, 66, 67, 68, 69, 71, 72]","[0, 1, 2, 3, 4, 5, 6, 7, 8, 9, 10, 11, 12, 14]"
instance_0092.npz,54,27845.0,30694.0,27843.0,1,105.4745,15370.0,14246.0,1,1.3746000004175585,0.499251,0.500749,"[0, 1, 2, 3, 4, 5, 6, 7, 8, 9, 10, 11, 12, 13, 15, 16, 17, 18, 19, 20, 21, 22, 23, 24, 25, 26, 27, 28, 29, 30, 31, 32, 33, 35, 36, 37, 39, 41, 42, 43, 45, 46, 47, 48, 49, 50, 51, 52, 53]","[0, 1, 2, 3, 4, 5, 6, 7, 8, 9, 11, 12, 13, 14, 15, 16, 17, 18, 19, 22, 23, 24, 25, 26, 27, 28, 30, 31]"
instance_0093.npz,96,42648.0,47233.0,42646.0,1,306.8262,39115.0,37781.0,1,2.5752000001375563,0.171871,0.828129,"[0, 1, 2, 4, 5, 6, 7, 8, 9, 10, 11, 13, 14, 15, 16, 17, 18, 19, 20, 22, 23, 24, 25, 26, 27, 28, 29, 30, 31, 32, 33, 34, 36, 37, 38, 39, 40, 41, 42, 43, 44, 46, 48, 49, 50, 51, 52, 53, 54, 55, 56, 57, 58, 59, 60, 62, 63, 64, 65, 67, 68, 69, 70, 71, 73, 74, 75, 76, 77, 78, 79, 80, 83, 84, 85, 86, 87, 88, 89, 91, 92, 93, 94, 95]","[0, 1, 2, 3, 4, 5, 6, 7, 8, 9, 11, 12, 13, 14, 15, 16, 17, 18, 19, 20, 21, 22, 23, 24, 25, 26, 27, 28, 30, 31, 33, 34, 35, 36, 37, 39, 40, 41, 42, 43, 44, 45, 46, 47, 48, 49, 50, 51, 52, 53, 54, 55, 56, 57, 58, 59, 60, 61, 62, 63, 64, 66, 67, 68, 69, 70, 71, 72, 73, 74, 75, 76, 77, 78, 79]"
instance_0094.npz,51,26134.0,27435.0,26134.0,1,101.4491,51717.0,49148.0,1,2.389900000707712,-0.885074,1.885074,"[0, 1, 2, 4, 5, 6, 7, 8, 9, 10, 11, 12, 13, 14, 15, 17, 18, 19, 20, 21, 22, 24, 26, 27, 28, 29, 30, 31, 32, 34, 35, 36, 37, 38, 39, 40, 41, 42, 43, 44, 45, 46, 47, 48, 49, 50]","[0, 1, 2, 3, 4, 5, 6, 8, 9, 10, 11, 12, 13, 14, 15, 16, 17, 18, 19, 20, 21, 22, 23, 24, 25, 27, 28, 29, 30, 31, 32, 33, 34, 35, 36, 37, 38, 39, 40, 41, 42, 43, 46, 47, 48, 49, 50, 51, 52, 53, 54, 55, 56, 57, 58, 59, 60, 61, 62, 63, 64, 65, 66, 67, 68, 69, 70, 71, 72, 73, 74, 75, 76, 77, 78, 79, 80, 81, 82, 83, 84, 85, 86, 87, 88, 89, 90, 91, 92, 93, 94, 95, 96, 97, 98, 99]"
instance_0095.npz,70,34697.0,36502.0,34695.0,1,191.1432,28920.0,27814.0,1,1.5549000017927028,0.207715,0.792285,"[0, 1, 2, 3, 4, 5, 6, 7, 8, 10, 11, 12, 13, 14, 15, 16, 17, 18, 19, 20, 22, 23, 24, 25, 26, 27, 28, 29, 30, 31, 32, 33, 34, 35, 36, 39, 40, 41, 42, 43, 44, 45, 46, 47, 48, 49, 50, 51, 52, 53, 54, 55, 56, 57, 58, 59, 60, 61, 62, 63, 64, 65, 66, 67, 68, 69]","[0, 1, 2, 3, 4, 5, 6, 7, 8, 9, 10, 11, 12, 13, 14, 15, 16, 17, 19, 20, 21, 22, 23, 24, 25, 26, 27, 28, 29, 30, 31, 32, 35, 36, 37, 38, 39, 40, 41, 42, 43, 44, 45, 46, 47, 48, 49, 50, 51, 52, 53, 54, 55, 56, 57, 58]"
instance_0096.npz,91,44385.0,48093.0,44382.0,1,316.2168,42520.0,38987.0,1,2.273600002808962,0.11588,0.88412,"[0, 1, 2, 4, 5, 6, 7, 8, 9, 10, 11, 12, 13, 14, 15, 16, 17, 19, 20, 21, 22, 23, 24, 25, 26, 27, 29, 30, 31, 32, 33, 34, 35, 36, 37, 38, 39, 40, 41, 42, 43, 44, 45, 46, 47, 48, 49, 50, 51, 52, 54, 55, 56, 57, 58, 59, 60, 61, 62, 63, 64, 65, 66, 67, 68, 69, 70, 71, 73, 74, 75, 76, 77, 78, 79, 80, 81, 82, 83, 84, 85, 86, 87, 88, 89, 90]","[1, 2, 3, 4, 5, 6, 7, 8, 9, 10, 11, 12, 13, 14, 15, 16, 17, 18, 19, 20, 21, 22, 23, 25, 26, 27, 28, 29, 30, 31, 32, 33, 34, 36, 37, 38, 39, 40, 41, 42, 43, 44, 45, 46, 47, 48, 49, 50, 51, 52, 53, 54, 55, 56, 57, 58, 59, 60, 61, 62, 63, 64, 65, 66, 67, 68, 69, 70, 71, 72, 73, 74, 75, 76, 77, 78, 79, 80]"
instance_0097.npz,81,41448.0,43493.0,41445.0,1,252.1818,32593.0,31429.0,1,1.6410999996878672,0.250615,0.749385,"[0, 1, 2, 3, 4, 5, 6, 7, 8, 9, 10, 11, 12, 13, 14, 15, 16, 17, 18, 19, 20, 21, 22, 23, 24, 25, 26, 27, 28, 29, 30, 31, 32, 33, 34, 35, 36, 37, 38, 39, 40, 41, 42, 43, 44, 45, 46, 48, 49, 50, 51, 52, 53, 54, 55, 56, 57, 58, 59, 60, 61, 62, 63, 64, 65, 66, 67, 68, 69, 70, 71, 72, 74, 75, 76, 77, 78, 79]","[0, 1, 2, 3, 4, 5, 7, 8, 9, 10, 11, 12, 13, 14, 15, 16, 17, 18, 19, 20, 21, 22, 23, 24, 25, 26, 29, 30, 31, 32, 33, 34, 35, 36, 37, 38, 39, 40, 41, 42, 43, 44, 45, 46, 47, 48, 49, 50, 51, 52, 53, 54, 55, 56, 57, 58, 59, 60, 61, 62, 63, 64, 65, 66, 67, 68]"
instance_0098.npz,37,14677.0,15946.0,14677.0,1,40.1309,27323.0,25485.0,1,1.5010000024631154,-0.71347,1.71347,"[0, 1, 2, 3, 4, 6, 7, 8, 9, 10, 11, 12, 13, 14, 15, 16, 17, 19, 20, 21, 22, 23, 24, 25, 26, 27, 28, 29, 30, 31, 32, 34, 35]","[0, 1, 2, 3, 4, 5, 6, 7, 8, 9, 11, 12, 13, 14, 15, 16, 17, 18, 19, 20, 21, 22, 23, 24, 25, 26, 27, 28, 29, 30, 31, 32, 33, 34, 35, 36, 37, 38, 39, 40, 41, 42, 43, 44, 45, 46, 47, 49, 50, 51, 52]"
instance_0099.npz,61,25063.0,26317.0,25063.0,1,116.734,33369.0,31008.0,1,3.0888000001141336,-0.267964,1.267964,"[0, 1, 2, 3, 4, 5, 6, 7, 8, 9, 10, 11, 12, 14, 15, 16, 17, 18, 19, 20, 21, 22, 23, 24, 25, 26, 27, 28, 29, 30, 31, 32, 33, 34, 35, 36, 37, 38, 39, 40, 41, 42, 43, 44, 45, 46, 48, 49, 50, 51, 52, 53, 54, 55, 56, 57, 58, 59, 60]","[0, 1, 2, 3, 4, 5, 6, 7, 8, 9, 10, 11, 12, 13, 14, 15, 16, 17, 18, 19, 20, 21, 22, 23, 24, 25, 26, 27, 28, 29, 30, 31, 32, 33, 34, 35, 37, 38, 39, 40, 41, 42, 43, 44, 45, 46, 47, 48, 49, 50, 51, 52, 53, 54, 55, 56, 57, 58, 59, 60, 61, 62, 63, 64, 65, 66, 67, 68, 69, 70, 71]"
instance_0100.npz,100,997.0,1272.0,997.0,1,2.8568,1179.0,986.0,1,2.6696000022639055,0.073113,0.926887,"[11, 24, 89]","[6, 21, 29, 39, 40, 52, 62, 67, 68, 70, 77]"
instance_0101.npz,63,980.0,1265.0,979.0,1,1.989,1231.0,964.0,1,2.1966000022075605,0.026877,0.973123,"[28, 51]","[6, 10, 19, 47, 50, 53]"
instance_0102.npz,18,908.0,1133.0,894.0,1,0.5527,1005.0,918.0,1,1.914199998282129,0.112974,0.887026,"[5, 11, 12]","[0, 1, 2, 3, 10, 15, 17]"
instance_0103.npz,43,932.0,1177.0,923.0,1,1.1633,1036.0,906.0,1,2.031600000918843,0.119796,0.880204,"[4, 27]","[9, 16, 19]"
instance_0104.npz,20,735.0,912.0,731.0,1,0.489,741.0,836.0,1,1.0674000004655682,0.1875,0.8125,"[16, 19]","[3, 9, 16, 19, 22, 23]"
instance_0105.npz,77,2187.0,2815.0,2181.0,1,8.0637,1244.0,1091.0,1,1.2004999989585485,0.558082,0.441918,"[11, 21, 22, 25, 31, 65]","[0, 3, 4, 15, 21, 37]"
instance_0106.npz,94,3245.0,4122.0,3245.0,1,16.6785,2517.0,1988.0,1,2.0521000005828682,0.389374,0.610626,"[6, 36, 50, 53, 56, 63, 93]","[14, 20, 33, 42, 44, 48, 49]"
instance_0107.npz,18,976.0,1157.0,976.0,1,0.5252,2366.0,1987.0,1,2.217100001871586,-1.044944,2.044944,[11],"[1, 4, 10, 18, 20, 21, 24, 27, 34, 35, 38, 43, 44, 50, 52, 53]"
instance_0108.npz,26,1090.0,1323.0,1089.0,1,0.9831,1418.0,1240.0,1,2.0054999986314215,-0.071807,1.071807,"[5, 13, 20, 25]","[1, 3, 5, 9, 12, 15, 16, 17, 22, 31]"
instance_0109.npz,58,3069.0,3876.0,3058.0,1,9.458,1966.0,2103.0,1,1.955799998540897,0.492776,0.507224,"[10, 22, 24, 30, 40]","[5, 8, 24, 25, 27, 34]"
instance_0110.npz,39,1753.0,2186.0,1745.0,1,3.2567,4965.0,4247.0,1,1.579799998580711,-1.271272,2.271272,"[0, 4, 17, 20, 22, 34, 35, 36]","[3, 12, 14, 16, 17, 21, 25, 28, 30, 33, 34, 35, 42, 45, 46, 55, 56, 62, 66, 75, 77, 79]"
instance_0111.npz,11,982.0,1162.0,959.0,1,0.2703,4718.0,3879.0,1,1.4276000001700595,-3.060241,4.060241,"[1, 9]","[2, 5, 7, 8, 12, 15, 21, 24, 29, 35, 55, 63, 64]"
instance_0112.npz,91,5882.0,7428.0,5881.0,1,31.5755,2857.0,2584.0,1,1.0232000022369903,0.615374,0.384626,"[12, 16, 17, 28, 31, 39, 42, 57, 60, 61, 89]","[1, 3, 10, 15, 19, 20, 23, 32, 34]"
instance_0113.npz,78,4481.0,5582.0,4479.0,1,20.3071,4569.0,3684.0,1,1.3034000003244728,0.181476,0.818524,"[0, 5, 13, 17, 18, 22, 42, 48, 56, 64, 68, 72]","[1, 5, 12, 19, 35, 46, 49, 55, 56]"
instance_0114.npz,84,6026.0,7607.0,6026.0,1,30.3735,3374.0,2932.0,1,1.2278000031074043,0.556461,0.443539,"[5, 10, 11, 12, 22, 31, 36, 41, 44, 46, 66, 69, 73, 82]","[1, 4, 5, 8, 13, 15, 19, 21, 23, 27, 28, 31]"
instance_0115.npz,10,926.0,1046.0,838.0,1,0.3492,5667.0,4607.0,1,1.3672000022779685,-4.417782,5.417782,[5],"[5, 8, 10, 11, 12, 19, 21, 27, 33, 38, 41]"
instance_0116.npz,62,5345.0,6718.0,5344.0,1,20.2753,9111.0,7761.0,1,1.653499999520136,-0.356207,1.356207,"[11, 19, 22, 25, 28, 30, 35, 36, 41, 44, 45, 58]","[0, 4, 9, 14, 15, 21, 22, 23, 25, 27, 28, 29, 32, 33, 36, 38, 39, 42, 51, 57, 60, 62, 65, 68, 71, 76, 78, 80, 86, 89]"
instance_0117.npz,39,3187.0,3922.0,3185.0,1,7.2059,1929.0,1801.0,1,0.9777000013855286,0.508159,0.491841,"[3, 5, 11, 13, 14, 18, 25, 26, 36]","[2, 4, 10]"
instance_0118.npz,26,2527.0,2970.0,2521.0,1,3.4778,3232.0,3319.0,1,1.3796999992337078,-0.088215,1.088215,"[2, 7, 13, 17, 19, 24]","[6, 11, 22, 23, 29, 30, 31, 32, 34]"
instance_0119.npz,56,5745.0,7245.0,5743.0,1,19.6683,6846.0,5616.0,1,1.370000001770677,0.055072,0.944928,"[0, 10, 17, 18, 22, 25, 26, 31, 34, 38, 43, 52]","[0, 3, 16, 21, 28, 31, 32, 47, 51, 55, 57]"
instance_0120.npz,22,2300.0,2878.0,2300.0,1,2.5491,9987.0,8189.0,1,2.793800002109492,-2.470118,3.470118,"[0, 3, 6, 12, 14, 16]","[2, 3, 5, 6, 9, 16, 20, 32, 34, 35, 39, 41, 46, 49, 53, 59, 60, 62, 67, 69, 70, 71, 72, 77, 78, 80]"
instance_0121.npz,43,4921.0,5964.0,4921.0,1,12.7511,11515.0,9497.0,1,2.5729000008141156,-0.930751,1.930751,"[2, 10, 11, 17, 18, 25, 26, 27, 33, 42]","[9, 11, 18, 19, 35, 36, 37, 41, 42, 49, 53, 55, 59, 63, 64, 65, 66, 69, 71, 77]"
instance_0122.npz,20,2295.0,2794.0,2286.0,1,2.3351,12819.0,10456.0,1,3.0038999975658953,-3.588046,4.588046,"[1, 9, 12, 16, 17]","[1, 2, 3, 7, 8, 9, 14, 16, 25, 30, 32, 42, 43, 45, 46, 52, 53, 55, 61, 62, 63, 67, 74, 75, 81, 82, 84, 89, 90, 91]"
instance_0123.npz,73,8924.0,11160.0,8922.0,1,45.1788,2229.0,2282.0,1,1.600199997483287,0.800269,0.199731,"[2, 5, 9, 11, 12, 28, 31, 32, 36, 37, 41, 43, 56, 57, 62, 67, 69, 72]","[5, 8, 10, 20]"
instance_0124.npz,28,3823.0,4599.0,3800.0,1,6.0278,9856.0,8249.0,1,2.3464999976567924,-1.143075,2.143075,"[3, 9, 14, 16, 20, 23]","[0, 7, 8, 11, 13, 16, 20, 26, 31, 33, 36, 38, 39, 42, 43, 50, 54, 58]"
instance_0125.npz,61,8552.0,10563.0,8551.0,1,34.1739,3199.0,3087.0,1,1.5634999981557485,0.69715,0.30285,"[2, 6, 7, 11, 12, 13, 17, 22, 32, 40, 44, 51, 52, 53, 56, 57, 59, 60]","[1, 3, 5, 7, 8, 9]"
instance_0126.npz,65,7860.0,9720.0,7860.0,1,35.5157,13356.0,10934.0,1,2.6126000011572614,-0.374074,1.374074,"[0, 1, 5, 9, 14, 16, 19, 23, 32, 34, 35, 39, 44, 52, 55, 60, 61]","[5, 20, 22, 23, 24, 27, 29, 30, 31, 36, 40, 42, 47, 49, 51, 65, 66, 67, 69, 70, 71, 74]"
instance_0127.npz,25,3484.0,4060.0,3479.0,1,5.5377,18472.0,15107.0,1,2.737299997534137,-3.549754,4.549754,"[0, 2, 7, 11, 14, 18, 23, 24]","[12, 17, 20, 24, 27, 31, 35, 40, 41, 43, 44, 45, 47, 56, 65, 67, 69, 82, 83, 85, 87, 90]"
instance_0128.npz,32,4227.0,5137.0,4208.0,1,8.2573,7884.0,7227.0,1,1.845599999796832,-0.534748,1.534748,"[0, 2, 5, 10, 11, 18, 26, 29, 31]","[9, 13, 17, 18, 20, 25, 28, 29, 32, 34, 35]"
instance_0129.npz,31,4715.0,5836.0,4709.0,1,9.2665,14422.0,12111.0,1,1.7062000006262679,-1.471213,2.471213,"[4, 6, 17, 18, 20, 23, 24, 27]","[0, 1, 4, 7, 9, 12, 13, 16, 18, 19, 28, 30, 34, 46, 51, 55, 56, 60, 61, 65, 66, 69, 71, 72, 76, 81, 82, 83, 84]"
instance_0130.npz,22,3548.0,4490.0,3542.0,1,4.3064,6226.0,5567.0,1,1.2296999993850477,-0.386637,1.386637,"[5, 7, 10, 12, 20]","[1, 5, 8, 11, 14, 17, 19, 21, 25, 26, 28, 30, 33, 34]"
instance_0131.npz,55,9458.0,11725.0,9445.0,1,31.6011,5928.0,5740.0,1,1.2650000026042107,0.494414,0.505586,"[0, 3, 5, 10, 11, 15, 16, 18, 19, 22, 25, 27, 30, 37, 38, 43, 45, 48, 50, 51]","[0, 1, 3, 4, 5, 6, 7, 12, 14, 16, 18, 21, 23, 25, 26, 29, 30, 31, 32, 33, 34, 36, 39, 40, 41, 43]"
instance_0132.npz,22,3782.0,4385.0,3775.0,1,4.835,8735.0,8021.0,1,1.3433999993139878,-0.992018,1.992018,"[2, 5, 8, 10, 11, 16, 20]","[0, 4, 5, 8, 10, 13, 15, 17, 18, 20, 23, 24, 25, 26, 28, 31, 32, 33, 36, 37, 38, 39, 41, 42, 46, 47, 49, 50, 51, 53]"
instance_0133.npz,20,3757.0,4471.0,3752.0,1,4.2841,8235.0,7491.0,1,1.2507999999797903,-0.84187,1.84187,"[2, 3, 5, 6, 9, 12, 17]","[2, 3, 7, 10, 13, 14, 15, 16, 20, 23, 24, 25, 29, 30, 31, 32, 34, 35, 37, 38, 41, 42]"
instance_0134.npz,27,4387.0,5467.0,4351.0,1,7.1209,12994.0,10773.0,1,1.2809999971068464,-1.376806,2.376806,"[3, 7, 16, 17, 18, 20]","[3, 6, 10, 11, 14, 17, 18, 25, 27, 28, 30, 31, 38, 39, 41, 47, 48, 50]"
instance_0135.npz,25,3632.0,4451.0,3630.0,1,4.8717,12575.0,10984.0,1,1.3971000007586554,-1.825208,2.825208,"[0, 4, 6, 10, 12, 15, 16, 22]","[0, 1, 3, 6, 7, 14, 15, 21, 22, 24, 26, 29, 30, 31, 32, 34, 36, 37, 45, 46, 47, 49, 50, 52, 54, 60, 61, 62]"
instance_0136.npz,92,15315.0,18495.0,15315.0,1,94.9425,16545.0,14100.0,1,1.7579999985173345,0.105434,0.894566,"[0, 1, 3, 5, 6, 9, 10, 12, 15, 16, 23, 29, 33, 39, 44, 48, 56, 58, 59, 62, 67, 68, 69, 70, 71, 73, 74, 75, 76, 79, 83, 90]","[0, 2, 3, 5, 7, 8, 10, 11, 13, 14, 16, 20, 22, 23, 25, 29, 32, 45, 54, 56, 58, 60, 62, 63, 64, 66, 69, 73]"
instance_0137.npz,68,11501.0,13806.0,11496.0,1,55.1153,14302.0,12615.0,1,2.8195000013511162,-0.035926,1.035926,"[2, 5, 7, 9, 10, 12, 14, 18, 21, 25, 32, 37, 39, 40, 41, 42, 44, 45, 46, 57, 59, 60, 61, 63, 64, 65]","[1, 3, 4, 10, 11, 14, 24, 26, 31, 32, 35, 39, 43, 49, 50, 57, 59, 62, 65]"
instance_0138.npz,52,9196.0,10960.0,9196.0,1,32.0728,20477.0,17384.0,1,3.2815999984450173,-0.868339,1.868339,"[1, 2, 5, 9, 11, 13, 15, 17, 19, 20, 28, 29, 30, 31, 32, 34, 37, 38, 40, 45, 48]","[0, 3, 4, 5, 8, 9, 11, 18, 22, 24, 26, 27, 28, 30, 31, 32, 33, 36, 38, 39, 40, 41, 44, 46, 56, 60, 64, 65, 71, 78, 80, 81, 84]"
instance_0139.npz,74,14853.0,17804.0,14844.0,1,75.1304,6936.0,6394.0,1,10.46900000073947,0.610425,0.389575,"[0, 1, 4, 6, 7, 10, 12, 15, 18, 19, 21, 28, 31, 32, 34, 35, 39, 40, 42, 44, 45, 46, 47, 53, 54, 59, 61, 64, 67, 72]","[0, 1, 2, 6, 8, 9, 15, 17, 21, 24, 28, 29]"
instance_0140.npz,81,15713.0,18878.0,15710.0,1,82.842,18047.0,15353.0,1,2.3037000028125476,0.044019,0.955981,"[5, 6, 10, 12, 13, 15, 17, 19, 23, 28, 29, 30, 31, 37, 41, 44, 45, 47, 56, 60, 61, 63, 65, 73, 74, 76, 78, 80]","[4, 7, 8, 9, 10, 12, 13, 15, 17, 19, 22, 23, 24, 25, 27, 32, 33, 39, 42, 44, 45, 46, 48, 50, 51, 52, 54, 57, 58, 60, 62, 66, 69]"
instance_0141.npz,61,13064.0,15358.0,13064.0,1,52.9295,19943.0,16675.0,1,4.30430000051274,-0.298541,1.298541,"[1, 13, 17, 18, 22, 24, 25, 26, 28, 29, 34, 36, 37, 38, 39, 43, 44, 46, 47, 49, 54, 56, 58]","[0, 5, 6, 10, 11, 15, 17, 18, 24, 26, 28, 30, 32, 33, 35, 40, 41, 42, 43, 45, 46, 48, 49, 50, 53, 54, 56, 57, 60, 62, 68, 72, 75]"
instance_0142.npz,16,2900.0,3465.0,2873.0,1,2.61,3682.0,3385.0,1,1.963800001249183,-0.062626,1.062626,"[0, 1, 2, 3, 5, 6, 7, 11]","[0, 2, 6, 7, 9, 10, 11, 12, 16, 17, 18]"
instance_0143.npz,39,9632.0,10946.0,9629.0,1,25.9402,24171.0,20380.0,1,3.8156000009621494,-1.208204,2.208204,"[0, 1, 3, 5, 9, 10, 11, 12, 14, 15, 17, 19, 21, 22, 28, 31, 34, 35, 36]","[0, 1, 2, 3, 4, 5, 7, 8, 13, 14, 15, 19, 25, 27, 29, 31, 32, 33, 36, 38, 39, 40, 41, 42, 43, 44, 48, 49, 50, 51, 53, 55, 56, 59, 62, 64, 66, 68, 72, 73, 75, 76, 77, 78, 79, 82, 83, 84, 85, 87, 88, 89, 90, 92, 93, 94]"
instance_0144.npz,39,11356.0,13360.0,11356.0,1,30.4853,2800.0,2282.0,1,1.9363999999768566,0.790419,0.209581,"[0, 3, 4, 5, 6, 7, 9, 10, 11, 15, 20, 23, 24, 25, 26, 28, 32, 36]","[0, 1, 2, 4]"
instance_0145.npz,28,6038.0,7223.0,6038.0,1,11.4696,19242.0,16580.0,1,2.141599998140009,-1.66399,2.66399,"[4, 5, 6, 8, 9, 11, 13, 14, 15, 19, 23, 24, 26, 27]","[0, 3, 4, 5, 6, 7, 8, 9, 10, 11, 12, 14, 15, 16, 20, 22, 23, 24, 25, 27, 28, 31, 32, 34, 35, 36, 38, 40, 41, 43, 44, 47, 48, 49, 50, 54, 56, 58, 60, 63, 64, 67, 70, 73, 75]"
instance_0146.npz,27,6452.0,7567.0,6437.0,1,11.2978,25564.0,21430.0,1,3.7759000006190035,-2.378353,3.378353,"[0, 3, 6, 9, 12, 13, 15, 16, 19, 20, 22, 23]","[0, 2, 3, 5, 7, 9, 13, 15, 18, 19, 20, 24, 25, 26, 28, 32, 33, 34, 36, 39, 41, 43, 44, 45, 46, 48, 53, 57, 60, 62, 63, 72, 75, 76, 77, 78, 79, 83, 84]"
instance_0147.npz,65,15504.0,17599.0,15501.0,1,69.2694,25788.0,21521.0,1,3.3250999986194074,-0.465311,1.465311,"[0, 3, 8, 12, 13, 16, 17, 18, 19, 20, 24, 26, 28, 30, 31, 35, 37, 38, 39, 41, 43, 44, 47, 48, 49, 50, 51, 52, 53, 55, 56, 60, 61, 63]","[1, 2, 5, 8, 10, 12, 13, 16, 17, 19, 20, 24, 25, 27, 29, 32, 34, 38, 39, 40, 45, 48, 54, 56, 57, 59, 61, 64, 65, 66, 67, 70, 76, 77, 78, 79, 82, 83, 85, 86, 89]"
instance_0148.npz,79,17160.0,20084.0,17158.0,1,94.0927,13622.0,12705.0,1,2.1850000011909287,0.321749,0.678251,"[7, 8, 9, 10, 11, 12, 14, 19, 21, 22, 27, 28, 29, 31, 32, 37, 38, 40, 43, 44, 45, 47, 48, 49, 51, 52, 53, 54, 55, 56, 61, 64, 65, 68, 73]","[0, 2, 4, 5, 6, 7, 9, 10, 11, 12, 14, 15, 20, 22, 23, 26, 27, 29, 31, 32, 35, 37, 38, 40, 44, 45]"
instance_0149.npz,69,18144.0,20942.0,18135.0,1,85.2793,24433.0,21371.0,1,3.0169999990903307,-0.166699,1.166699,"[2, 3, 5, 6, 9, 11, 12, 13, 14, 15, 21, 24, 26, 27, 32, 33, 34, 35, 36, 38, 39, 43, 45, 46, 47, 48, 50, 51, 53, 54, 56, 58, 59, 60, 61, 63, 65]","[0, 5, 6, 7, 8, 10, 11, 18, 19, 22, 25, 28, 29, 30, 31, 32, 34, 36, 37, 42, 43, 44, 45, 46, 47, 51, 53, 54, 55, 58, 64, 67, 70, 71, 73, 80, 83, 84, 88, 89]"
instance_0150.npz,70,16560.0,19557.0,16560.0,1,78.7165,6193.0,6174.0,1,1.8458999984432012,0.683336,0.316664,"[0, 1, 2, 3, 4, 6, 7, 9, 17, 18, 19, 22, 24, 25, 26, 31, 32, 37, 38, 39, 42, 43, 46, 49, 51, 55, 56, 61, 65, 66, 67, 68, 69]","[0, 1, 2, 3, 5, 6, 7, 8, 9, 12, 13, 16, 21]"
instance_0151.npz,42,12840.0,14704.0,12826.0,1,37.4931,9314.0,9428.0,1,2.200700000685174,0.366567,0.633433,"[2, 3, 5, 7, 8, 12, 13, 14, 15, 20, 21, 22, 23, 25, 27, 30, 31, 34, 36, 37, 38, 40]","[1, 2, 3, 6, 7, 8, 9, 10, 11, 14, 15, 16, 17, 18, 21, 22, 24, 25, 27, 28, 29, 30, 31, 32, 33, 36]"
instance_0152.npz,76,20084.0,23566.0,20082.0,1,106.8621,19419.0,16621.0,1,2.4906999969971366,0.175974,0.824026,"[1, 2, 3, 8, 9, 10, 11, 13, 14, 15, 17, 19, 20, 21, 24, 25, 26, 28, 29, 32, 34, 35, 36, 38, 39, 40, 41, 42, 43, 44, 45, 46, 48, 50, 51, 54, 56, 57, 59, 64, 70, 72]","[6, 7, 8, 9, 14, 17, 19, 22, 23, 26, 28, 29, 33, 36, 38, 40, 45, 46, 47, 51, 54, 55]"
instance_0153.npz,20,4949.0,5397.0,4945.0,1,6.7722,19900.0,17711.0,1,2.4887999970815144,-2.687234,3.687234,"[0, 1, 2, 3, 5, 9, 12, 17, 19]","[3, 5, 6, 7, 9, 10, 11, 12, 14, 17, 19, 22, 24, 25, 26, 27, 29, 30, 32, 34, 35, 36, 41, 42, 43, 44, 45, 48, 49, 51, 53, 55, 56, 58]"
instance_0154.npz,73,18812.0,21858.0,18808.0,1,96.1938,18291.0,16674.0,1,2.4527999994461425,0.16319,0.83681,"[1, 2, 3, 4, 5, 8, 9, 10, 12, 14, 15, 18, 19, 21, 25, 27, 29, 30, 35, 36, 38, 39, 43, 45, 47, 49, 54, 56, 57, 58, 59, 61, 62, 63, 65, 70, 71]","[0, 1, 2, 4, 8, 9, 10, 16, 18, 19, 20, 21, 22, 23, 25, 28, 33, 41, 42, 43, 44, 51, 53, 54, 55]"
instance_0155.npz,18,4461.0,5184.0,4458.0,1,4.9926,19396.0,16372.0,1,1.4551999993273057,-2.741512,3.741512,"[0, 1, 3, 4, 10, 11, 12, 16, 17]","[0, 2, 3, 5, 6, 9, 10, 14, 16, 17, 20, 21, 25, 26, 27, 28, 29, 31, 36, 38, 43, 44, 45, 47, 50, 52, 53, 54, 56, 57, 60, 61, 63, 64]"
instance_0156.npz,100,27777.0,32404.0,27776.0,1,210.4034,26103.0,23138.0,1,1.9171999992977362,0.194451,0.805549,"[0, 2, 5, 7, 8, 9, 12, 15, 18, 19, 21, 22, 25, 26, 27, 29, 30, 31, 34, 37, 39, 40, 41, 43, 44, 45, 48, 50, 53, 54, 55, 57, 58, 62, 64, 66, 67, 68, 69, 71, 73, 77, 78, 82, 83, 85, 86, 87, 88, 89, 90, 96, 97]","[2, 3, 6, 7, 10, 11, 13, 14, 18, 20, 22, 23, 24, 25, 26, 28, 30, 34, 36, 37, 39, 40, 41, 42, 43, 44, 45, 46, 48, 52, 54, 55, 56, 58, 59, 61, 62, 65, 66, 71, 72, 73, 74, 76, 78, 79, 80, 82, 85]"
instance_0157.npz,46,12916.0,15003.0,12910.0,1,44.7615,3193.0,2902.0,1,0.852699999086326,0.787176,0.212824,"[0, 2, 3, 4, 6, 7, 8, 9, 11, 12, 13, 17, 18, 21, 22, 28, 36, 37, 38, 40, 41, 42, 44, 45]","[0, 1, 2, 3, 4, 5, 6, 7, 8, 11]"
instance_0158.npz,26,6279.0,7216.0,6278.0,1,12.4676,5282.0,4982.0,1,0.9138999994320329,0.268016,0.731984,"[0, 2, 4, 7, 11, 13, 16, 17, 18, 19, 20, 24, 25]","[0, 1, 2, 3, 6, 7, 8, 9, 10, 11, 12, 14, 15, 16, 17, 20]"
instance_0159.npz,46,13034.0,14733.0,13034.0,1,45.088,15093.0,13204.0,1,1.2499000004027039,-0.024435,1.024435,"[0, 2, 7, 8, 9, 10, 11, 13, 14, 15, 16, 18, 19, 20, 22, 24, 25, 27, 32, 35, 38, 40, 42, 43, 44, 45]","[0, 1, 2, 5, 7, 9, 10, 11, 15, 16, 17, 18, 19, 23, 24, 25, 26, 30, 33, 37, 38, 40]"
instance_0160.npz,35,8947.0,9835.0,8946.0,1,22.2399,30697.0,26848.0,1,2.3005000002740417,-2.1212,3.1212,"[0, 1, 4, 5, 6, 7, 8, 9, 12, 17, 19, 22, 23, 24, 25, 27, 28, 30, 32, 34]","[0, 3, 4, 6, 7, 9, 10, 12, 13, 14, 16, 18, 19, 26, 27, 29, 30, 34, 35, 36, 37, 38, 39, 40, 43, 47, 48, 50, 53, 55, 56, 57, 62, 64, 65, 67, 69, 71, 75, 77, 78, 80, 81, 83, 84, 86, 87, 88]"
instance_0161.npz,61,20262.0,23509.0,20262.0,1,90.9518,23905.0,21928.0,1,1.7312999989371747,-0.016845,1.016845,"[4, 7, 8, 10, 12, 14, 15, 16, 18, 19, 21, 27, 28, 29, 30, 31, 32, 33, 34, 36, 37, 38, 39, 41, 44, 46, 47, 48, 49, 50, 51, 52, 53, 54, 58, 60]","[0, 1, 3, 4, 6, 7, 8, 9, 10, 11, 12, 13, 16, 17, 18, 19, 20, 21, 22, 23, 26, 27, 29, 30, 31, 32, 34, 36, 39, 40, 41, 43, 45, 48, 49, 51, 53, 55, 57, 58, 59, 60, 61, 63, 65, 66, 69, 70]"
instance_0162.npz,50,15643.0,17488.0,15640.0,1,57.8731,20566.0,18035.0,1,1.3543000022764318,-0.176006,1.176006,"[0, 1, 4, 6, 8, 9, 10, 12, 13, 20, 21, 22, 23, 24, 25, 26, 27, 28, 29, 30, 33, 38, 39, 40, 43, 46, 48, 49]","[0, 2, 3, 4, 5, 7, 10, 11, 12, 13, 14, 15, 16, 17, 18, 19, 21, 22, 23, 26, 27, 29, 30, 32, 33, 34, 35, 36, 41, 44, 46]"
instance_0163.npz,70,20345.0,23043.0,20341.0,1,109.0254,7909.0,7535.0,1,0.9855999996943865,0.656772,0.343228,"[0, 2, 6, 7, 9, 10, 11, 12, 13, 14, 16, 17, 19, 20, 21, 23, 24, 25, 30, 32, 33, 34, 36, 38, 40, 41, 42, 43, 45, 47, 48, 49, 50, 51, 52, 54, 57, 59, 60, 61, 64, 65, 66, 67, 68, 69]","[0, 1, 2, 3, 4, 5, 6, 7, 8, 9, 11, 17]"
instance_0164.npz,45,15080.0,16642.0,15076.0,1,45.2589,7615.0,7303.0,1,0.948900000366848,0.542423,0.457577,"[2, 4, 5, 6, 7, 8, 9, 10, 11, 12, 13, 15, 16, 18, 19, 23, 25, 26, 27, 30, 31, 32, 33, 34, 35, 36, 38, 42, 43, 44]","[0, 1, 3, 4, 5, 6, 7, 8, 9, 13, 14, 15, 16, 17, 18, 19, 20]"
instance_0165.npz,20,6459.0,7868.0,6435.0,1,8.6529,26617.0,24137.0,1,1.7426000013074372,-2.382944,3.382944,"[0, 3, 5, 6, 10, 13, 14, 16, 18, 19]","[0, 1, 2, 5, 6, 10, 12, 14, 15, 16, 17, 21, 22, 24, 25, 27, 29, 30, 31, 32, 33, 36, 38, 40, 41, 42, 43, 44, 46, 48, 50, 54, 55, 57, 59, 61, 62, 63, 64, 65, 67, 70, 71]"
instance_0166.npz,87,31272.0,34054.0,31270.0,1,187.971,3305.0,3128.0,1,0.8961999992607161,0.902948,0.097052,"[0, 2, 3, 4, 5, 6, 8, 9, 11, 14, 15, 18, 19, 21, 22, 23, 24, 26, 27, 28, 29, 30, 31, 33, 34, 35, 37, 38, 39, 40, 41, 42, 43, 44, 45, 46, 47, 48, 51, 52, 53, 54, 55, 60, 61, 63, 64, 65, 66, 68, 70, 72, 74, 75, 77, 78, 80, 82, 84, 85]","[0, 1, 2, 3, 4, 9]"
instance_0167.npz,81,29353.0,32816.0,29348.0,1,168.984,15752.0,15221.0,1,1.5004000015323982,0.51999,0.48001,"[0, 1, 4, 5, 6, 8, 9, 10, 13, 14, 15, 16, 17, 19, 20, 21, 22, 23, 25, 26, 28, 29, 30, 31, 33, 34, 35, 38, 39, 40, 42, 44, 46, 48, 49, 50, 52, 53, 57, 58, 60, 61, 62, 63, 64, 65, 66, 68, 69, 70, 72, 74, 75, 76, 77]","[1, 2, 3, 4, 5, 6, 7, 8, 9, 10, 11, 13, 14, 15, 16, 17, 18, 19, 20, 21, 22, 23, 24, 25, 27, 28, 31, 35, 36, 37, 39, 41, 42, 43, 44, 45]"
instance_0168.npz,66,22375.0,25660.0,22373.0,1,106.4093,30146.0,27493.0,1,1.7120000011345837,-0.174825,1.174825,"[1, 2, 4, 6, 7, 8, 9, 13, 15, 17, 19, 21, 22, 23, 25, 26, 27, 28, 30, 33, 34, 35, 36, 37, 38, 40, 41, 42, 43, 45, 47, 49, 50, 52, 54, 55, 56, 57, 58, 59, 60, 61, 63, 64, 65]","[0, 2, 3, 8, 9, 10, 13, 14, 15, 16, 17, 18, 20, 21, 22, 24, 25, 26, 27, 28, 29, 30, 31, 33, 34, 35, 38, 39, 40, 41, 42, 44, 45, 46, 48, 49, 50, 54, 56, 57, 58, 59, 60, 62, 63, 64, 66, 67, 68, 69, 70, 71, 72, 74, 75, 77]"
instance_0169.npz,95,37097.0,42942.0,37096.0,1,263.3386,35060.0,31977.0,1,1.7025000015564729,0.18355,0.81645,"[0, 1, 3, 4, 5, 6, 8, 9, 11, 13, 18, 20, 21, 22, 23, 26, 27, 28, 29, 30, 31, 32, 33, 34, 35, 36, 40, 41, 43, 45, 47, 48, 49, 50, 51, 52, 54, 55, 56, 57, 59, 61, 62, 63, 64, 65, 67, 68, 69, 72, 73, 74, 77, 82, 83, 85, 86, 87, 88, 89, 90, 91, 92, 93, 94]","[0, 2, 4, 5, 6, 7, 8, 9, 10, 13, 14, 15, 18, 19, 22, 23, 24, 26, 27, 28, 29, 30, 31, 32, 34, 36, 37, 38, 39, 40, 41, 42, 44, 45, 48, 50, 51, 52, 53, 55, 56, 57, 58, 59, 61, 62, 63, 64, 65, 66, 67, 69, 70, 71, 72, 76, 78, 80, 81, 82, 84, 85]"
instance_0170.npz,81,26754.0,30693.0,26745.0,1,158.1762,18473.0,16582.0,1,1.4826999977231026,0.398136,0.601864,"[1, 3, 5, 8, 9, 10, 12, 13, 15, 16, 17, 18, 19, 20, 21, 22, 24, 25, 27, 28, 29, 30, 32, 33, 34, 36, 37, 41, 42, 43, 44, 45, 46, 47, 48, 51, 52, 53, 54, 55, 57, 58, 60, 61, 62, 63, 65, 66, 67, 69, 72, 73, 74, 76, 77, 78, 79, 80]","[1, 2, 4, 8, 12, 13, 14, 15, 17, 23, 24, 29, 30, 31, 32, 34, 36, 37, 38, 40, 43, 45, 46, 47, 49, 50]"
instance_0171.npz,57,20628.0,23099.0,20614.0,1,87.6659,27257.0,24874.0,1,1.4522000019496772,-0.180008,1.180008,"[0, 3, 4, 5, 7, 10, 11, 12, 13, 17, 19, 20, 21, 22, 25, 27, 29, 30, 32, 33, 34, 35, 36, 39, 40, 41, 42, 43, 44, 45, 46, 47, 48, 49, 50, 51, 53, 54]","[1, 4, 5, 6, 7, 8, 9, 10, 11, 12, 13, 14, 16, 17, 18, 19, 20, 21, 22, 23, 24, 25, 26, 28, 29, 30, 31, 34, 36, 39, 40, 41, 46, 47, 52, 53, 54, 55, 56, 57, 60, 61, 62, 64, 66, 67, 68, 71, 72, 73, 74, 75, 76, 77, 78]"
instance_0172.npz,73,26806.0,29664.0,26805.0,1,145.9705,13100.0,12467.0,1,1.600999999936903,0.558387,0.441613,"[0, 1, 2, 3, 4, 5, 6, 7, 9, 10, 12, 17, 18, 20, 21, 22, 23, 24, 26, 28, 29, 30, 32, 33, 35, 36, 38, 40, 43, 44, 45, 46, 47, 48, 49, 50, 51, 52, 53, 56, 57, 58, 59, 60, 61, 62, 63, 66, 67, 68, 69, 71, 72]","[0, 1, 2, 3, 5, 6, 7, 9, 10, 11, 12, 13, 15, 16, 17, 18, 20, 21, 22, 23, 24, 25, 27, 29, 30, 31, 32, 33, 34, 35, 36]"
instance_0173.npz,72,28221.0,31486.0,28220.0,1,148.1439,14809.0,13681.0,1,1.4298999994935002,0.529664,0.470336,"[0, 1, 2, 3, 4, 6, 8, 9, 10, 12, 15, 17, 18, 19, 20, 21, 22, 24, 25, 29, 30, 31, 32, 33, 34, 35, 36, 38, 39, 40, 41, 45, 46, 47, 48, 50, 51, 52, 53, 55, 56, 58, 59, 61, 62, 63, 64, 65, 66, 67, 69, 70]","[4, 5, 6, 7, 8, 9, 10, 11, 12, 13, 14, 15, 16, 17, 18, 19, 20, 21, 22, 23, 25, 26, 27, 28, 29, 30, 31, 32, 33, 34, 35, 36, 37, 38, 39]"
instance_0174.npz,46,18271.0,21041.0,18267.0,1,62.7898,21981.0,20147.0,1,1.45899999915855,-0.044675,1.044675,"[0, 1, 2, 3, 8, 9, 10, 11, 12, 13, 14, 15, 16, 17, 18, 19, 21, 22, 26, 28, 29, 30, 31, 33, 35, 36, 37, 38, 39, 40, 41, 42, 44, 45]","[0, 1, 2, 3, 5, 6, 8, 9, 10, 11, 13, 16, 17, 18, 19, 20, 21, 22, 23, 24, 25, 26, 27, 28, 29, 30, 35, 36, 38, 39, 42, 46, 47, 48, 50, 51, 52, 53, 54, 55, 56, 57]"
instance_0175.npz,17,5398.0,6032.0,5384.0,1,5.9131,5122.0,5125.0,1,0.855099999171216,0.150862,0.849138,"[1, 2, 3, 4, 5, 6, 7, 8, 9, 10, 11, 12, 13]","[0, 1, 2, 3, 4, 5, 6, 7, 8, 9, 10, 11, 15]"
instance_0176.npz,67,28769.0,32561.0,28768.0,1,139.3128,17151.0,15923.0,1,2.089099998556776,0.473266,0.526734,"[0, 2, 3, 5, 6, 7, 8, 9, 10, 11, 12, 13, 15, 16, 17, 18, 19, 20, 22, 23, 26, 27, 29, 30, 31, 32, 33, 35, 37, 40, 41, 42, 43, 44, 46, 47, 49, 50, 51, 52, 53, 54, 55, 57, 58, 59, 60, 62, 63, 64, 65]","[1, 3, 4, 5, 6, 8, 9, 10, 11, 13, 14, 16, 18, 19, 20, 21, 22, 23, 25, 26, 27, 28, 29, 30, 32, 34, 35, 37]"
instance_0177.npz,70,28937.0,31900.0,28924.0,1,151.9429,15885.0,14993.0,1,2.3559000001114327,0.502038,0.497962,"[0, 1, 3, 4, 5, 6, 7, 8, 9, 10, 11, 12, 13, 14, 15, 16, 19, 20, 21, 22, 23, 24, 26, 27, 28, 29, 32, 34, 37, 38, 39, 40, 41, 43, 45, 47, 48, 49, 50, 52, 53, 54, 55, 56, 57, 58, 59, 60, 61, 62, 63, 65, 66, 68, 69]","[0, 1, 2, 4, 5, 6, 7, 8, 9, 10, 11, 12, 13, 14, 15, 16, 17, 18, 19, 20, 22, 23, 24, 25, 27, 28, 29, 30, 31, 33, 35, 36, 37, 38, 39, 40, 41]"
instance_0178.npz,22,8261.0,9337.0,8251.0,1,13.6252,14398.0,13350.0,1,1.9836999999824911,-0.542037,1.542037,"[2, 3, 5, 7, 8, 9, 10, 11, 12, 13, 14, 15, 16, 17, 18, 20, 21]","[0, 1, 2, 3, 4, 5, 9, 10, 11, 13, 14, 16, 18, 19, 21, 22, 23, 24, 25, 26, 27, 29, 30, 31, 32, 33, 34]"
instance_0179.npz,12,4027.0,4298.0,4021.0,1,3.3627,43526.0,40137.0,1,2.028999999311054,-9.127036,10.127036,"[0, 3, 4, 5, 7, 8, 9, 11]","[0, 1, 2, 3, 5, 6, 7, 8, 9, 10, 12, 13, 14, 16, 17, 18, 20, 21, 22, 23, 24, 26, 28, 29, 30, 31, 32, 33, 34, 35, 36, 37, 39, 40, 41, 42, 43, 45, 46, 47, 48, 50, 51, 52, 53, 54, 55, 56, 57, 58, 59, 60, 62, 63, 64, 66, 67, 68, 69, 70, 71, 72, 73, 74, 75, 76, 77, 79, 80, 82, 84, 85, 86, 87, 88, 89, 90, 91, 92, 93, 95, 96]"
instance_0180.npz,40,15805.0,17213.0,15802.0,1,47.787,12623.0,11501.0,1,1.060999999026535,0.266659,0.733341,"[0, 1, 2, 4, 6, 8, 9, 10, 11, 12, 13, 14, 15, 16, 18, 19, 20, 24, 25, 26, 28, 29, 30, 31, 33, 34, 35, 36, 37, 38]","[0, 3, 5, 6, 7, 8, 9, 10, 11, 12, 13, 14, 15, 17, 19, 20, 22, 23, 24]"
instance_0181.npz,95,33568.0,37813.0,33567.0,1,240.1203,39109.0,35603.0,1,1.8401000015728641,-0.034274,1.034274,"[0, 1, 2, 3, 4, 5, 6, 7, 8, 9, 10, 12, 13, 14, 15, 16, 17, 18, 19, 20, 21, 22, 23, 24, 25, 26, 27, 30, 31, 32, 33, 35, 36, 37, 39, 40, 41, 43, 44, 45, 46, 48, 49, 50, 51, 52, 53, 54, 56, 57, 58, 59, 60, 61, 62, 63, 64, 65, 66, 67, 68, 71, 73, 75, 76, 77, 78, 80, 81, 82, 84, 85, 86, 87, 88, 89, 90, 91, 92, 93, 94]","[0, 2, 3, 4, 5, 6, 7, 8, 9, 10, 11, 13, 14, 15, 17, 18, 19, 21, 22, 23, 24, 25, 26, 27, 28, 29, 30, 31, 32, 34, 35, 36, 37, 38, 39, 40, 42, 43, 44, 45, 46, 47, 48, 52, 53, 54, 55, 56, 57, 58, 60, 61, 62, 64, 65, 66, 67, 68, 69, 70, 71, 73, 75, 76, 77, 78, 80, 81, 82, 83, 84]"
instance_0182.npz,100,44152.0,47929.0,44151.0,1,321.7869,23441.0,21965.0,1,1.6102000008686446,0.510922,0.489078,"[0, 1, 2, 3, 4, 6, 8, 9, 10, 11, 12, 14, 15, 16, 17, 18, 19, 20, 21, 23, 25, 26, 28, 29, 30, 31, 32, 34, 35, 37, 38, 39, 40, 42, 43, 44, 45, 46, 47, 48, 49, 52, 53, 54, 55, 56, 57, 58, 60, 61, 62, 63, 64, 66, 67, 69, 70, 71, 72, 73, 74, 75, 76, 78, 79, 80, 82, 83, 84, 85, 86, 87, 90, 92, 93, 94, 96, 97, 98, 99]","[1, 2, 3, 4, 5, 6, 7, 8, 9, 10, 11, 12, 13, 14, 15, 17, 20, 22, 23, 25, 26, 27, 29, 30, 31, 32, 33, 34, 35, 36, 37, 38, 40, 41, 43, 44, 45, 47, 48, 50, 51, 52, 54, 55]"
instance_0183.npz,52,22406.0,24371.0,22384.0,1,80.958,8482.0,8405.0,1,0.9878999990178272,0.651963,0.348037,"[0, 1, 2, 3, 4, 5, 6, 8, 9, 10, 11, 12, 13, 15, 16, 17, 18, 19, 21, 22, 23, 24, 25, 26, 27, 28, 29, 31, 32, 35, 36, 38, 39, 40, 41, 42, 43, 44, 45, 47, 48, 49, 50, 51]","[0, 1, 2, 3, 4, 5, 6, 7, 8, 9, 10, 11, 12, 13, 15, 16, 17, 18, 20, 21]"
instance_0184.npz,24,9715.0,10273.0,9715.0,1,15.9454,31380.0,29444.0,1,1.7102999991038814,-2.054609,3.054609,"[1, 2, 3, 4, 5, 6, 7, 8, 9, 10, 11, 12, 13, 14, 15, 16, 20, 21]","[0, 1, 2, 3, 4, 6, 8, 9, 10, 11, 12, 17, 18, 19, 20, 21, 22, 23, 24, 25, 26, 28, 29, 30, 31, 32, 33, 34, 35, 36, 37, 38, 40, 41, 42, 43, 44, 45, 46, 48, 49, 50, 51, 52, 53, 56, 57, 58, 60, 61, 62, 63, 64, 65, 66, 67, 68, 69, 70, 71, 72, 73, 74, 75, 76, 77, 78]"
instance_0185.npz,99,43968.0,47952.0,43967.0,1,330.6578,29808.0,27215.0,1,1.5822999994270504,0.378378,0.621622,"[0, 1, 2, 4, 5, 6, 7, 8, 9, 11, 12, 13, 14, 16, 18, 19, 21, 22, 24, 25, 26, 27, 29, 30, 31, 32, 33, 34, 36, 37, 38, 39, 40, 41, 42, 43, 44, 46, 47, 48, 50, 51, 52, 53, 55, 56, 57, 58, 59, 61, 62, 63, 64, 65, 66, 67, 68, 69, 70, 71, 72, 73, 74, 75, 76, 77, 78, 81, 82, 83, 84, 85, 86, 87, 88, 90, 92, 96, 97, 98]","[0, 1, 2, 3, 4, 5, 7, 8, 9, 10, 11, 13, 14, 15, 17, 18, 20, 22, 23, 24, 25, 26, 27, 28, 29, 30, 31, 32, 33, 34, 35, 36, 37, 38, 40, 41, 42, 43, 44, 45, 46, 47, 48, 49, 50, 52, 53, 54, 56, 57, 58, 59, 60, 61, 62]"
instance_0186.npz,39,13883.0,15111.0,13881.0,1,47.8643,19137.0,18466.0,1,2.379100002144696,-0.266428,1.266428,"[0, 1, 2, 3, 4, 5, 7, 8, 9, 10, 12, 13, 14, 15, 18, 19, 20, 23, 24, 26, 28, 29, 31, 32, 33, 34, 35, 36, 37, 38]","[0, 1, 2, 3, 4, 5, 6, 7, 8, 9, 10, 11, 12, 15, 16, 17, 18, 19, 20, 21, 23, 24, 25, 26, 27, 29, 30, 31, 32, 33, 34, 35, 36, 37, 38]"
instance_0187.npz,91,44688.0,47450.0,44686.0,1,320.8402,29621.0,26973.0,1,2.5060999978450127,0.375743,0.624257,"[0, 1, 3, 4, 5, 6, 7, 8, 9, 10, 11, 12, 14, 15, 16, 19, 20, 21, 22, 23, 24, 26, 27, 28, 29, 30, 31, 32, 33, 34, 36, 37, 38, 39, 40, 41, 42, 43, 44, 45, 47, 48, 49, 50, 51, 52, 53, 55, 56, 57, 58, 59, 60, 61, 63, 64, 66, 67, 68, 69, 70, 71, 72, 73, 74, 77, 78, 79, 80, 81, 82, 83, 84, 85, 86, 87, 88, 89, 90]","[0, 1, 2, 3, 5, 7, 8, 10, 11, 12, 13, 14, 15, 16, 17, 18, 19, 20, 21, 22, 23, 24, 25, 27, 28, 29, 30, 31, 32, 33, 35, 36, 37, 38, 39, 40, 41, 42, 43, 44, 45, 46, 47, 48]"
instance_0188.npz,14,5430.0,5914.0,5417.0,1,5.0229,22705.0,21099.0,1,2.5482000019110274,-2.839195,3.839195,"[0, 2, 3, 4, 5, 6, 7, 9, 10, 11, 13]","[0, 1, 2, 3, 4, 5, 6, 7, 11, 12, 15, 16, 17, 18, 20, 21, 22, 23, 24, 25, 26, 27, 28, 29, 30, 31, 32, 33, 35, 36, 37, 39, 40, 41, 42, 43, 44, 45, 46, 47, 48, 49, 51]"
instance_0189.npz,71,32028.0,34605.0,32024.0,1,212.6249,18448.0,17605.0,1,2.088100001856219,0.466898,0.533102,"[0, 1, 2, 3, 4, 6, 7, 8, 9, 10, 11, 12, 13, 15, 16, 17, 19, 20, 21, 22, 23, 25, 26, 27, 28, 29, 30, 32, 33, 34, 35, 36, 37, 38, 39, 41, 42, 43, 44, 46, 47, 48, 49, 51, 52, 53, 55, 56, 57, 58, 60, 61, 63, 64, 65, 66, 67, 68, 69]","[0, 1, 2, 3, 4, 5, 6, 7, 8, 10, 13, 15, 16, 17, 19, 21, 23, 24, 25, 26, 28, 29, 30, 32, 33, 34, 36, 37]"
instance_0190.npz,16,8281.0,8890.0,8202.0,1,14.1915,6463.0,6094.0,1,1.6154000004462432,0.273003,0.726997,"[0, 1, 2, 3, 4, 5, 6, 7, 8, 9, 10, 11, 13, 14, 15]","[0, 1, 2, 3, 4, 5, 6, 7, 8, 9, 10, 11, 12]"
instance_0191.npz,83,38753.0,41211.0,38750.0,1,403.611,19241.0,19007.0,1,2.1450000022014137,0.53311,0.46689,"[0, 2, 4, 5, 6, 7, 8, 9, 10, 11, 12, 13, 14, 15, 17, 18, 19, 20, 21, 22, 23, 24, 25, 26, 27, 28, 29, 30, 31, 32, 33, 34, 35, 36, 37, 38, 39, 40, 42, 43, 44, 45, 46, 47, 48, 49, 50, 51, 52, 53, 54, 55, 57, 58, 59, 60, 61, 62, 63, 64, 65, 66, 67, 68, 69, 70, 72, 73, 74, 75, 77, 78, 79, 80, 81]","[0, 1, 2, 3, 5, 6, 8, 9, 10, 11, 12, 14, 15, 16, 17, 18, 19, 20, 23, 24, 25, 27, 28, 29, 30, 31, 32, 33, 34, 35, 36]"
instance_0192.npz,98,42891.0,46109.0,42882.0,1,1034.1464,12992.0,12691.0,1,1.9810000012512319,0.718233,0.281767,"[0, 1, 2, 3, 4, 5, 6, 8, 9, 10, 11, 12, 13, 14, 15, 16, 17, 18, 19, 21, 22, 23, 24, 25, 26, 27, 28, 29, 30, 31, 32, 33, 34, 35, 37, 38, 39, 40, 41, 42, 44, 45, 46, 47, 48, 49, 50, 51, 52, 53, 54, 55, 56, 57, 58, 59, 60, 61, 62, 63, 64, 65, 66, 67, 68, 69, 70, 71, 72, 75, 76, 77, 78, 79, 81, 83, 84, 85, 86, 87, 88, 89, 90, 92, 93, 94, 95, 96]","[0, 1, 2, 3, 4, 6, 7, 9, 10, 11, 12, 13, 14, 15, 16, 17, 18, 19, 20, 22, 23, 24, 25, 26, 27, 28, 29, 30, 31]"
instance_0193.npz,54,25514.0,26161.0,25514.0,1,186.6768,48884.0,44735.0,1,4.174400000920286,-0.868583,1.868583,"[1, 2, 4, 5, 6, 7, 9, 10, 11, 12, 13, 14, 15, 16, 17, 18, 19, 20, 21, 22, 23, 24, 26, 27, 28, 29, 30, 31, 32, 33, 34, 35, 36, 37, 38, 39, 40, 41, 43, 44, 45, 46, 47, 48, 49, 50, 51, 52, 53]","[1, 2, 3, 4, 5, 6, 7, 8, 9, 10, 11, 12, 13, 14, 15, 16, 17, 18, 19, 20, 21, 22, 23, 24, 25, 26, 27, 28, 29, 30, 31, 32, 33, 34, 35, 36, 37, 38, 39, 40, 42, 43, 44, 45, 46, 47, 48, 49, 50, 51, 52, 54, 55, 56, 57, 58, 60, 61, 62, 64, 65, 67, 68, 69, 70, 71, 72, 73, 74, 75, 76, 77, 78, 79, 80, 81, 82, 83, 84, 85, 86, 87, 88, 89, 90, 91, 92]"
instance_0194.npz,96,46284.0,49715.0,46273.0,1,536.8639,12229.0,11330.0,1,2.032099997450132,0.754018,0.245982,"[0, 1, 2, 3, 4, 5, 6, 7, 8, 9, 10, 11, 12, 13, 14, 15, 16, 17, 18, 20, 21, 22, 23, 24, 25, 26, 27, 28, 30, 31, 32, 33, 34, 35, 36, 37, 38, 40, 41, 42, 43, 44, 45, 46, 47, 49, 50, 51, 52, 53, 54, 56, 57, 58, 59, 60, 61, 62, 63, 65, 66, 67, 68, 69, 70, 71, 72, 73, 74, 75, 76, 77, 78, 79, 80, 81, 82, 83, 84, 85, 86, 87, 88, 89, 90, 91, 92, 93, 94, 95]","[0, 1, 2, 4, 5, 6, 7, 8, 9, 10, 11, 12, 13, 14, 15, 16, 17, 18, 19, 20, 21]"
instance_0195.npz,75,31400.0,33079.0,31394.0,1,274.4491,28426.0,27058.0,1,3.2681999982742127,0.140663,0.859337,"[0, 1, 2, 3, 4, 5, 6, 8, 9, 10, 11, 12, 13, 14, 15, 16, 17, 18, 19, 21, 22, 23, 24, 26, 27, 28, 29, 30, 31, 32, 33, 34, 35, 36, 37, 38, 39, 40, 41, 42, 43, 44, 45, 46, 47, 48, 49, 50, 51, 52, 53, 54, 55, 56, 57, 58, 59, 60, 61, 62, 63, 64, 65, 66, 67, 68, 69, 70, 72, 73, 74]","[0, 1, 2, 3, 4, 5, 6, 7, 8, 9, 10, 11, 12, 14, 15, 16, 17, 18, 19, 20, 21, 22, 23, 24, 25, 26, 27, 28, 29, 30, 31, 32, 33, 34, 35, 36, 37, 38, 39, 40, 41, 42, 43, 45, 46, 47, 48, 50, 51, 52, 53, 54, 55, 56, 57, 58, 59, 60, 61, 63, 64]"
instance_0196.npz,74,36902.0,38985.0,36898.0,1,312.5708,27569.0,26952.0,1,2.7196000010007992,0.292831,0.707169,"[0, 1, 2, 3, 4, 6, 7, 8, 9, 10, 11, 12, 13, 14, 15, 16, 17, 18, 19, 21, 22, 23, 24, 25, 26, 27, 28, 29, 31, 32, 33, 34, 35, 36, 37, 38, 39, 40, 41, 42, 43, 44, 45, 46, 47, 48, 49, 50, 51, 53, 54, 55, 56, 57, 59, 61, 62, 63, 64, 65, 66, 67, 68, 69, 70, 71, 72, 73]","[0, 1, 2, 3, 4, 5, 6, 7, 8, 9, 10, 11, 12, 13, 14, 15, 16, 17, 18, 20, 21, 22, 23, 24, 25, 26, 27, 28, 29, 30, 31, 32, 33, 34, 35, 36, 37, 38, 39, 41, 42, 43, 44, 45, 46, 47, 48, 49]"
instance_0197.npz,44,19560.0,20428.0,19540.0,1,96.0127,17335.0,16691.0,1,1.3620999998238403,0.15141,0.84859,"[0, 1, 2, 3, 4, 5, 6, 7, 8, 9, 10, 11, 13, 14, 15, 16, 17, 19, 20, 21, 22, 23, 24, 25, 26, 27, 28, 29, 30, 31, 32, 33, 34, 36, 37, 38, 39, 40, 41, 42, 43]","[0, 1, 2, 3, 4, 5, 6, 7, 8, 9, 10, 11, 12, 13, 14, 15, 16, 17, 18, 19, 20, 21, 22, 23, 24, 25, 26, 27, 28, 29, 30, 31, 32, 33, 35]"
instance_0198.npz,11,5443.0,5945.0,5434.0,1,6.1004,45101.0,42940.0,1,2.002199998969445,-6.586375,7.586375,"[0, 1, 3, 4, 5, 6, 7, 8, 9, 10]","[0, 1, 2, 3, 4, 5, 6, 7, 8, 9, 10, 11, 12, 13, 14, 15, 16, 17, 18, 19, 20, 21, 22, 23, 24, 25, 27, 28, 29, 30, 31, 32, 33, 34, 35, 36, 37, 38, 39, 40, 41, 42, 43, 44, 45, 46, 47, 48, 49, 50, 51, 52, 53, 54, 55, 56, 58, 59, 60, 61, 62, 63, 64, 65, 66, 67, 68, 69, 70, 71, 72, 73, 74, 75, 76, 77, 78, 79, 80, 81, 82, 83, 84, 85, 86, 87, 88, 89, 90, 91, 92]"
instance_0199.npz,29,11172.0,12005.0,11164.0,1,37.1599,16308.0,15185.0,1,1.153699999122182,-0.358434,1.358434,"[0, 1, 2, 3, 5, 6, 7, 9, 10, 11, 12, 14, 15, 16, 17, 18, 19, 20, 21, 22, 23, 24, 25, 26, 27, 28]","[0, 1, 2, 3, 4, 5, 6, 7, 8, 9, 10, 11, 12, 13, 14, 15, 16, 18, 19, 20, 21, 22, 23, 24, 26, 27, 28, 30, 31]"
